candidate_id,formula_family,source_dataset,source_id,paper_id,question_text,equation,correct_answer,is_quantitative_calculation,formula_supported,answer_verified,source_license_verified,decision,reviewer_id,reviewer_notes
candidate_shannon_capacity_01,shannon_capacity,XINLI1997/WirelessMATHBench-XL,9296,2501.02001v1,What function of the SNR determines the spectral efficiency?,$$R_{\mathrm{tr}} = B [MASK]$$,\boxed{\log (1 + \mathrm{SNR})},,,,,,,
candidate_shannon_capacity_02,shannon_capacity,XINLI1997/WirelessMATHBench-XL,10108,2009.09380v1,Complete the numerator (desired signal power) and the summation in denominator (interference power).,$$\rho_k = \frac{ [MASK] }{ [MASK] + \sigma_n^2 }$$,\boxed{\left| \left( \mathbf{g}_k^T \prod_{i=1}^{I_k} \mathbf{\Phi}_i \mathbf{H}_i + \mathbf{w}_k \right) \mathbf{f}_k \right|^2} and \boxed{\sum_{\substack{j=1 \\ j \neq k}}^K \left| \left( \mathbf{g}_k^T \prod_{i=1}^{I_k} \mathbf{\Phi}_i \mathbf{H}_i + \mathbf{w}_k \right) \mathbf{f}_j \right|^2},,,,,,,
candidate_shannon_capacity_03,shannon_capacity,XINLI1997/WirelessMATHBench-XL,10473,2411.11028v2,What is the complete expression inside the square root that defines the channel dispersion?,$$r = \log \left| \mathbf{I} + \mathbf{D}^{-1} \mathbf{S} \right| - Q^{-1}(\epsilon) \sqrt{ \frac{2[MASK]}{n} }$$,\boxed{\mathrm{Tr}\left( \mathbf{S} (\mathbf{D} + \mathbf{S})^{-1} \right)},,,,,,,
candidate_shannon_capacity_04,shannon_capacity,XINLI1997/WirelessMATHBench-XL,1142,2504.11905v1,What is the expression for the multi-user interference power?,"$$R_{k,n} = \frac{1}{Z} \sum_{z=1}^{Z} \log_2 \left( 1 + \frac{|(\mathbf{h}_{k,n}^{(z)})^H \mathbf{p}_{k,n}|^2}{[MASK] + \sigma^2} \right)$$","\boxed{\sum_{i \neq k}^{K} |(\mathbf{h}_{k,n}^{(z)})^H \mathbf{p}_{i,n}|^2}",,,,,,,
candidate_shannon_capacity_05,shannon_capacity,XINLI1997/WirelessMATHBench-XL,1151,2406.04188v2,What term represents the total interference power from other users?,$$\mathsf{SE}_k = \log \left(1 + \frac{ \| ( \mathbf{H}_k + \mathbf{G}_k \boldsymbol{\Theta} \mathbf{H}_{BR} ) \mathbf{f}_k \|_2^2 }{ [MASK] + \sigma_k^2 } \right)$$,\boxed{\sum_{u \neq k} \| ( \mathbf{H}_k + \mathbf{G}_k \boldsymbol{\Theta} \mathbf{H}_{BR} ) \mathbf{f}_u \|_2^2},,,,,,,
candidate_shannon_capacity_06,shannon_capacity,XINLI1997/WirelessMATHBench-XL,1152,2406.04188v2,Fill in the numerator (desired signal power) and the interference term.,$$\mathsf{SE}_k = \log \left(1 + \frac{ [MASK] }{ \sum_{u \neq k} [MASK] + \sigma_k^2 } \right)$$,\boxed{\| ( \mathbf{H}_k + \mathbf{G}_k \boldsymbol{\Theta} \mathbf{H}_{BR} ) \mathbf{f}_k \|_2^2} and \boxed{\| ( \mathbf{H}_k + \mathbf{G}_k \boldsymbol{\Theta} \mathbf{H}_{BR} ) \mathbf{f}_u \|_2^2},,,,,,,
candidate_shannon_capacity_07,shannon_capacity,XINLI1997/WirelessMATHBench-XL,12293,2507.14035v1,Fill in the logarithm function and the desired signal power term.,"$$R_{ik} = [MASK]\left(1 + \frac{ | [MASK] |^2 }{ \sum_{(j, r) \neq (i, k)} | \mathbf{h}_{ik,j}^H \mathbf{w}_{jr} |^2 + \sigma^2 } \right)$$","\boxed{\log_2} and \boxed{\mathbf{h}_{ik,i}^H \mathbf{w}_{ik}}",,,,,,,
candidate_shannon_capacity_08,shannon_capacity,XINLI1997/WirelessMATHBench-XL,13019,2409.14521v2,Write the complete piecewise function for data volume calculation.,$$D_k[n] = [MASK]$$,"\boxed{\begin{cases} \tau B R_k[n], & \mathrm{if}\ \mathbf{1}_k[n] = 1 \\ 0, & \mathrm{otherwise} \end{cases}}",,,,,,,
candidate_shannon_capacity_09,shannon_capacity,XINLI1997/WirelessMATHBench-XL,1306,2505.07555v1,What is the argument of the logarithm in the simplified sum rate expression?,$$\sum_{n=1}^{N} R_n^{\mathrm{NOMA}} = \log_2 \left([MASK]\right)$$,\boxed{\sum_{n=1}^{N} P_n h_n + \sigma^2},,,,,,,
candidate_shannon_capacity_10,shannon_capacity,XINLI1997/WirelessMATHBench-XL,1309,2505.07555v1,Write the complete simplified equation for the sum rate of all NOMA users.,$$\sum_{n=1}^{N} R_n^{\mathrm{NOMA}} = [MASK]$$,\boxed{\log_2 \left(\sum_{n=1}^{N} P_n h_n + \sigma^2\right)},,,,,,,
candidate_spectral_efficiency_01,spectral_efficiency,XINLI1997/WirelessMATHBench-XL,11012,2303.14351v1,Fill in the sub-channel bandwidth and the mathematical function used to calculate spectral efficiency.,"$$R_{n} = \sum_{m=1}^{M} \sum_{u=1}^{U} \sum_{s=1}^{S} [MASK] \cdot \rho_{n,m,s} \cdot [MASK] \left( 1 + \Gamma_{n,m,u,s} \right)$$",\boxed{W_{s}} and \boxed{\log_{2}},,,,,,,
candidate_spectral_efficiency_02,spectral_efficiency,XINLI1997/WirelessMATHBench-XL,13173,2401.05164v1,Complete the integration variable and the key parameters inside the spectral efficiency expression.,$$R(\boldsymbol{\theta}) = [MASK] \log \left| \mathbf{I} + \frac{ [MASK] }{ [MASK] } \right| \mathrm{d}f$$,"\boxed{\int_{\mathcal{B}}}, \boxed{\mathbf{H}(f, \boldsymbol{\theta}) \mathbf{G}(f) \mathbf{H}^\mathsf{H}(f, \boldsymbol{\theta})}, and \boxed{N_0}}",,,,,,,
candidate_spectral_efficiency_03,spectral_efficiency,XINLI1997/WirelessMATHBench-XL,13713,2208.14538v1,Complete the spectral efficiency summation and the interference summation scope.,$$r_{t} = [MASK] - \eta [MASK] \sum_{k' \neq k} p_{k'}^{(t)} |\boldsymbol{h}_{kk'}^{(t)}|^{2} \mathbb{I}_{k'}^{(t)}(k)$$,\boxed{\sum_{k=1}^{K} \log_{2}(1 + \gamma_{k}^{(t)})} and \boxed{\sum_{k=1}^{K}},,,,,,,
candidate_spectral_efficiency_04,spectral_efficiency,XINLI1997/WirelessMATHBench-XL,13822,2206.03250v1,Fill in the sum rate objective and the expression for the total power per user constraint.,"$$\begin{array} { r l } { \displaystyle \operatorname { Maximize } } & { \displaystyle [MASK] } \\ { \displaystyle \mathrm { Subject~to } } & { \displaystyle 0 \leq \sum _ { m = 1 } ^ { M } I ^ { k } [ m , t ] \leq 1 , \ \forall k } \\ & { \displaystyle [MASK] \leq P _ { m a x } , \ \forall k } \end{array}$$","\boxed{\sum _ { k } r _ { k } [ t ]} and \boxed{\sum _ { m = 1 } ^ { M } P ^ { k } [ m , t ]}",,,,,,,
candidate_spectral_efficiency_05,spectral_efficiency,XINLI1997/WirelessMATHBench-XL,13823,2206.03250v1,Complete the objective function variable and the two summed quantities in the constraints.,"$$\begin{array} { r l } { \displaystyle \operatorname { Maximize } } & { \displaystyle \sum _ { k } [MASK] } \\ { \displaystyle \mathrm { Subject~to } } & { \displaystyle 0 \leq [MASK] \leq 1 , \ \forall k } \\ & { \displaystyle \sum _ { m = 1 } ^ { M } [MASK] \leq P _ { m a x } , \ \forall k } \end{array}$$","\boxed{r _ { k } [ t ]}, \boxed{\sum _ { m = 1 } ^ { M } I ^ { k } [ m , t ]}, and \boxed{P ^ { k } [ m , t ]}",,,,,,,
candidate_spectral_efficiency_06,spectral_efficiency,XINLI1997/WirelessMATHBench-XL,13824,2206.03250v1,Write the complete sum rate maximization problem with its two constraints.,$$[MASK]$$,"\boxed{ \begin{array} { r l } { \displaystyle \operatorname { Maximize } } & { \displaystyle \sum _ { k } r _ { k } [ t ] } \\ { \displaystyle \mathrm { Subject~to } } & { \displaystyle 0 \leq \sum _ { m = 1 } ^ { M } I ^ { k } [ m , t ] \leq 1 , \ \forall k } \\ & { \displaystyle \sum _ { m = 1 } ^ { M } P ^ { k } [ m , t ] \leq P _ { m a x } , \ \forall k } \end{array} }",,,,,,,
candidate_spectral_efficiency_07,spectral_efficiency,XINLI1997/WirelessMATHBench-XL,16222,2204.09447v1,Fill in the channel power gain variable and the complete denominator of the SNR fraction.,$$D_k^u = \frac{n_k}{B_k^u \log_2\left(1 + \frac{\varphi(\mathrm{BER}_k) [MASK] p_k^u}{[MASK]}\right)}$$,\boxed{h_k^u} and \boxed{N_0 B_k^u},,,,,,,
candidate_spectral_efficiency_08,spectral_efficiency,XINLI1997/WirelessMATHBench-XL,4991,2507.03848v1,What objective function is being maximized?,$$\mathsf{P}_1: \quad \displaystyle\operatorname*{max}_{q_k^{\mathrm{p}}} \quad [MASK]$$,\boxed{\sum_{k=1}^{K} w_k \mathrm{SE}_k (q_k^{\mathrm{p}})},,,,,,,
candidate_spectral_efficiency_09,spectral_efficiency,XINLI1997/WirelessMATHBench-XL,5504,2508.09782v1,Write the complete equation for the $n$-th time-domain sample of the nAFDM signal.,$$s_\alpha[n] = [MASK]$$,\boxed{\frac{1}{\sqrt{N}} \sum_{m=0}^{N-1} x[m] e^{j 2\pi \left( c_1 n^2 + c_2 m^2 + \frac{\alpha n m}{N} \right)}},,,,,,,
candidate_spectral_efficiency_10,spectral_efficiency,XINLI1997/WirelessMATHBench-XL,568,2503.08937v1,"Fill in the three missing coefficients for desired power, interference power, and noise.","$$R _ { k } = \log _ { 2 } \left( 1 + \frac { [MASK] \left\lVert \boldsymbol{h} _ { k } ^ { T } \boldsymbol{f} _ { m , k } \right\rVert ^ { 2 } } { [MASK] \left\lVert \boldsymbol{h} _ { k } ^ { T } \boldsymbol{f} _ { m , k ^ { \prime } } \right\rVert ^ { 2 } + [MASK] } \right)$$","\boxed{\frac { P _ { T } } { K }}, \boxed{\sum _ { \substack { k ^ { \prime } \in \mathcal{K} \\ k ^ { \prime } \ne k } } \frac { P _ { T } } { K }}, and \boxed{\sigma ^ { 2 }}",,,,,,,
candidate_fspl_path_loss_01,fspl_path_loss,XINLI1997/WirelessMATHBench-XL,10157,2309.08995v1,Fill in the Lambertian mode factor and distance term.,$$P_{Loss} \approx \frac{ [MASK] A }{ 2\pi [MASK] } \cos^{m}(\phi_{irr}) \cos(\theta)$$,\boxed{(m + 1)} and \boxed{d_{LED-PD}^{2}},,,,,,,
candidate_fspl_path_loss_02,fspl_path_loss,XINLI1997/WirelessMATHBench-XL,10158,2309.08995v1,"Complete the area constant, denominator constant, and irradiance function.",$$P_{Loss} \approx \frac{ (m + 1) [MASK] }{ [MASK] d_{LED-PD}^{2} } [MASK] \cos(\theta)$$,"\boxed{A}, \boxed{2\pi}, and \boxed{\cos^{m}(\phi_{irr})}",,,,,,,
candidate_fspl_path_loss_03,fspl_path_loss,XINLI1997/WirelessMATHBench-XL,10241,2405.20168v1,What is the reference channel power gain at 1 meter?,"$$[\mathbf{G}_{l}^{\mathrm{AP,U}}]_{n,m} = \sqrt{\frac{[MASK]}{\|\mathbf{p}^{\mathrm{AP}} - \mathbf{p}_{l}^{\mathrm{U}}\|^2}}$$",\boxed{\beta_0}},,,,,,,
candidate_fspl_path_loss_04,fspl_path_loss,XINLI1997/WirelessMATHBench-XL,10243,2405.20168v1,Fill in the square root operator and the correct denominator.,"$$[\mathbf{G}_{l}^{\mathrm{AP,U}}]_{n,m} = [MASK]\frac{\beta_0}{[MASK]}$$","\boxed{\sqrt}}, \boxed{\|\mathbf{p}^{\mathrm{AP}} - \mathbf{p}_{l}^{\mathrm{U}}\|^2}}",,,,,,,
candidate_fspl_path_loss_05,fspl_path_loss,XINLI1997/WirelessMATHBench-XL,10727,2111.09413v1,Identify the transmitted signal and the additive noise component.,$$y_{SR} = \eta_e [MASK] h + [MASK]$$,\boxed{s_1} and \boxed{w_R},,,,,,,
candidate_fspl_path_loss_06,fspl_path_loss,XINLI1997/WirelessMATHBench-XL,10731,2111.09413v1,What special function defines the core of this PDF expression?,"$$f_{h_{SR_q}}(h_q) = \frac{a b \xi^2}{A_0 h_q \Gamma(a) \Gamma(b)} [MASK]\left( \frac{a b h_q}{A_0} \middle| \begin{array}{c} \xi^2 + 1 \\ \xi^2, a, b \end{array} \right)$$","\boxed{G_{1,3}^{3,0}}",,,,,,,
candidate_fspl_path_loss_07,fspl_path_loss,XINLI1997/WirelessMATHBench-XL,10732,2111.09413v1,Fill in the two product terms that form the numerator constant and the argument scalar.,"$$f_{h_{SR_q}}(h_q) = \frac{[MASK]}{A_0 h_q \Gamma(a) \Gamma(b)} G_{1,3}^{3,0}\left( \frac{[MASK] h_q}{A_0} \middle| \begin{array}{c} \xi^2 + 1 \\ \xi^2, a, b \end{array} \right)$$",\boxed{a b \xi^2} and \boxed{a b},,,,,,,
candidate_fspl_path_loss_08,fspl_path_loss,XINLI1997/WirelessMATHBench-XL,10733,2111.09413v1,Complete the four missing components in the pre-factor.,"$$f_{h_{SR_q}}(h_q) = \frac{[MASK]}{[MASK] h_q [MASK]} G_{1,3}^{3,0}\left( \frac{[MASK] h_q}{A_0} \middle| \begin{array}{c} \xi^2 + 1 \\ \xi^2, a, b \end{array} \right)$$","\boxed{a b \xi^2}, \boxed{A_0}, \boxed{\Gamma(a) \Gamma(b)}, \boxed{a b}",,,,,,,
candidate_fspl_path_loss_09,fspl_path_loss,XINLI1997/WirelessMATHBench-XL,10954,2207.11021v1,Write the complete equation for the total THz path loss.,"$$L_{\text{total}}(f_c, d) = [MASK]$$","\boxed{\left(\frac{4\pi f_c d}{c}\right)^2 + e^{k(f_c, d) \cdot d}}",,,,,,,
candidate_fspl_path_loss_10,fspl_path_loss,XINLI1997/WirelessMATHBench-XL,10974,2405.01358v2,Write the complete equation for the Free Space Path Loss at a 1 m distance.,"$$\mathrm{FSPL}(f_c, 1\text{ m}) = [MASK]$$",\boxed{32.4 + 20 \log_{10}\left( \frac{f_c}{1\text{ GHz}} \right)}},,,,,,,
candidate_friis_received_power_01,friis_received_power,XINLI1997/WirelessMATHBench-XL,1562,2507.14210v1,Complete the two factors that determine the EH power allocation.,$$P_{\mathrm{e}} = (1-\gamma)[MASK][MASK]$$,"\boxed{(1-\delta)}}, \boxed{P_r}}",,,,,,,
candidate_friis_received_power_02,friis_received_power,XINLI1997/WirelessMATHBench-XL,6772,2506.21966v1,Fill in the two vectors whose inner product determines the effective channel gain.,$$p_k = p_T | [MASK]^H [MASK] |^2$$,\boxed{\mathbf{h}_k} and \boxed{\mathbf{w}},,,,,,,
candidate_friis_received_power_03,friis_received_power,XINLI1997/WirelessMATHBench-XL,10122,2309.08995v1,Fill in the received power variable and the logarithm base.,$$\mathrm{SNR} = 10 \log_{10} \frac{ ([MASK] R_p)^{2} }{ \sigma_{Shot}^{2} }$$,\boxed{P_{Received}} and \boxed{10},,,,,,,
candidate_friis_received_power_04,friis_received_power,XINLI1997/WirelessMATHBench-XL,10788,2205.05036v1,Complete the summation structures for both desired and interference components.,"$$RSSI_i(m) = [MASK][MASK] g_{ik}^{UL}(m) \theta_i(m,t) + [MASK][MASK] g_{ij}^{ss}(m) \theta_i(m,t) + \sigma^2$$","\boxed{\sum_{k=1}^K}, \boxed{P_{ik}^{se}(m)}, \boxed{\sum_{j=1,j\neq i}^N}, and \boxed{P_j^s(m,t)}",,,,,,,
candidate_friis_received_power_05,friis_received_power,XINLI1997/WirelessMATHBench-XL,10789,2205.05036v1,Write the complete RSSI equation including all three components.,$$RSSI_i(m) = [MASK]$$,"\boxed{\sum_{k=1}^K P_{ik}^{se}(m) g_{ik}^{UL}(m) \theta_i(m,t) + \sum_{j=1,j\neq i}^N P_j^s(m,t) g_{ij}^{ss}(m) \theta_i(m,t) + \sigma^2}",,,,,,,
candidate_friis_received_power_06,friis_received_power,XINLI1997/WirelessMATHBench-XL,10792,2205.05036v1,Fill in both instances of the desired signal power expression.,$$\xi_i^{UL}(m) = \frac{[MASK]}{RSSI_i(m) - [MASK]}$$,"\boxed{\sum_{k=1}^K P_{ik}^{se}(m) g_{ik}^{UL}(m) \theta_i(m,t)}",,,,,,,
candidate_friis_received_power_07,friis_received_power,XINLI1997/WirelessMATHBench-XL,10793,2205.05036v1,Complete the numerator and the first term of the denominator.,"$$\xi_i^{UL}(m) = \frac{[MASK]}{[MASK] - \sum_{k=1}^K P_{ik}^{se}(m) g_{ik}^{UL}(m) \theta_i(m,t)}$$","\boxed{\sum_{k=1}^K P_{ik}^{se}(m) g_{ik}^{UL}(m) \theta_i(m,t)} and \boxed{RSSI_i(m)}",,,,,,,
candidate_friis_received_power_08,friis_received_power,XINLI1997/WirelessMATHBench-XL,11101,2403.17810v1,What is the expression for the power on subcarrier $k$ for the chosen beam pair?,"$$y_{(i,j,p,q)} = \sum_{k=0}^{K-1} [MASK]$$","\boxed{\left| \mathbf{a}^{H}(\phi_{r,p}^{b}, \theta_{r,q}^{b}) \mathbf{H}[k] \mathbf{a}(\phi_{t,i}^{b}, \theta_{t,j}^{b}) \right|^2}",,,,,,,
candidate_friis_received_power_09,friis_received_power,XINLI1997/WirelessMATHBench-XL,11104,2403.17810v1,Write the complete equation for the received power measurement.,"$$y_{(i,j,p,q)} = [MASK]$$","\boxed{\sum_{k=0}^{K-1} \left| \mathbf{a}^{H}(\phi_{r,p}^{b}, \theta_{r,q}^{b}) \mathbf{H}[k] \mathbf{a}(\phi_{t,i}^{b}, \theta_{t,j}^{b}) \right|^2}",,,,,,,
candidate_friis_received_power_10,friis_received_power,XINLI1997/WirelessMATHBench-XL,11466,2410.04681v1,What is the denominator of the free-space path loss component?,"$$g_i \triangleq \frac{P_t G_{i,A} G_{i,U} c^2}{[MASK]}$$",\boxed{(4\pi f)^2},,,,,,,
candidate_snr_conversion_01,snr_conversion,XINLI1997/WirelessMATHBench-XL,11690,2108.10414v1,"Which expression correctly represents the numerator of the fractional term, which calculates the average successful information transfer per slot?",$$f_{\kappa}(\pmb{\theta}; \pmb{x}) = T_{\kappa} \log_2(1 + \mathsf{SNR}_{\kappa}(\pmb{\theta}; \pmb{x})) \frac{[MASK]}{\pmb{t}^{\top} \pmb{p}_{\mathcal{T}}(\pmb{\theta})}$$,C,,,,,,,
candidate_snr_conversion_02,snr_conversion,XINLI1997/WirelessMATHBench-XL,12192,2205.03182v1,Fill in the two channel components whose combination determines the effective channel gain.,$$\gamma_u = \frac{P \left| [MASK] + [MASK] \mathbf{\Theta} \mathbf{h}_{br} \right|^2}{\sigma_u^2}$$,\boxed{h_{bu}} and \boxed{\mathbf{h}_{ru}^H}},,,,,,,
candidate_snr_conversion_03,snr_conversion,XINLI1997/WirelessMATHBench-XL,7591,2508.04556v1,What time period appears in the numerator to calculate the number of samples?,"$$\{\gamma(t - \Delta t), \gamma(t - \Delta t + T_s), ..., \gamma(t)\} \quad \text{with } N = \dfrac{[MASK]}{T_s}$$",\boxed{T_v},,,,,,,
candidate_snr_conversion_04,snr_conversion,XINLI1997/WirelessMATHBench-XL,8220,2507.03918v1,The equation above calculates the SNR. Which of the following is a correct alternative expression for the term whose magnitude is squared?,"$$\mathrm{SNR} = \frac{P}{\sigma^{2}} \left| h_{0} + \sum_{m=1}^{M} \sum_{\ell=1}^{L} x_{m,\ell} h_{m,\ell} \right|^{2} = [MASK]$$",D,,,,,,,
candidate_snr_conversion_05,snr_conversion,XINLI1997/WirelessMATHBench-XL,10587,2408.06288v1,"Fill in the two constants $\Lambda_{1,j}$ and $\Lambda_{2,j}$ that scale the amplitude and the argument of the Meijer G-function, respectively.","$$f_{\gamma_j}(\gamma) = \frac{[MASK]}{r \mu_{r,j}^{\frac{l_j}{r}}} \gamma^{\frac{l_j}{r}-1} G_{0,1}^{1,0}\left[ [MASK] \left( \frac{\gamma}{\mu_{r,j}} \right)^{\frac{1}{r}} \Bigg| \begin{array}{l} - \\ 0 \end{array} \right]$$","\boxed{\Lambda_{1,j}} and \boxed{\Lambda_{2,j}}",,,,,,,
candidate_snr_conversion_06,snr_conversion,XINLI1997/WirelessMATHBench-XL,10737,2111.09413v1,Fill in the gain factor and the first channel component.,$$y_{RD} = [MASK] \left[ \sum_{i=1}^{M} [MASK] I_{2_i} I_{3_i} e^{j\Theta_i} \right] s_2 + w_D$$,\boxed{M \sqrt{\gamma_0}} and \boxed{I_{1_i}},,,,,,,
candidate_snr_conversion_07,snr_conversion,XINLI1997/WirelessMATHBench-XL,10738,2111.09413v1,Complete the five missing components.,$$y_{RD} = [MASK] \left[ \sum_{i=1}^{M} [MASK] [MASK] [MASK] e^{j\Theta_i} \right] s_2 + [MASK]$$,"\boxed{M \sqrt{\gamma_0}}, \boxed{I_{1_i}}, \boxed{I_{2_i}}, \boxed{I_{3_i}}, \boxed{w_D}",,,,,,,
candidate_snr_conversion_08,snr_conversion,XINLI1997/WirelessMATHBench-XL,10739,2111.09413v1,Write the complete equation for the received signal at the destination.,$$y_{RD} = [MASK]$$,\boxed{M \sqrt{\gamma_0} \left[ \sum_{i=1}^{M} I_{1_i} I_{2_i} I_{3_i} e^{j\Theta_i} \right] s_2 + w_D},,,,,,,
candidate_snr_conversion_09,snr_conversion,XINLI1997/WirelessMATHBench-XL,10899,2204.07037v2,Write the complete equation for converting noise precision $\gamma$ to SNR in decibels.,$$\mathrm { SNR } _ { \mathrm { d B } } = [MASK]$$,\boxed{10 \log_{10} \left( \frac { E_b \gamma } { 2 R } \right)}},,,,,,,
candidate_snr_conversion_10,snr_conversion,XINLI1997/WirelessMATHBench-XL,11603,2412.04876v1,Complete the numerator and denominator of the fraction.,$$\tilde{\sigma}_G^2 = \frac{[MASK]}{[MASK]}$$,\boxed{\sigma_{G_1}^2 \cdot \sigma_{G_2}^2} and \boxed{\sigma_{G_1}^2 + \sigma_{G_2}^2},,,,,,,
candidate_sinr_01,sinr,XINLI1997/WirelessMATHBench-XL,3880,2505.01818v1,Which expression correctly calculates the electrical SINR for user $k$?,$$\Gamma_{k} = [MASK]$$,C,,,,,,,
candidate_sinr_02,sinr,XINLI1997/WirelessMATHBench-XL,10248,2405.20168v1,Complete the three missing components: the quadratic form for sensing interference and the noise power.,"$$\Gamma_{k,l} = \frac{ | (\mathbf{h}_{k,l})^{H} \mathbf{w}_{k,l} |^2 }{ \sum_{i \neq k} | (\mathbf{h}_{k,l})^{H} \mathbf{w}_{i,l} |^2 + [MASK]\mathbf{R}_{s,l}[MASK] + [MASK] }$$","\boxed{(\mathbf{h}_{k,l})^{H}}, \boxed{\mathbf{h}_{k,l}}, \boxed{\sigma_k^2}}",,,,,,,
candidate_sinr_03,sinr,XINLI1997/WirelessMATHBench-XL,1113,2506.22844v1,Complete the numerator: the received signal power components from the serving node $x$.,$$SINR_u = \frac{ [MASK] \times [MASK] }{ I_{APs} + I_{gNBs} + N_0 }$$,"\boxed{P} and \boxed{L_{u,x}^{-1}}",,,,,,,
candidate_sinr_04,sinr,XINLI1997/WirelessMATHBench-XL,11388,2306.06664v1,"Complete the numerator's allocation coefficient, the summation's starting index, and the noise power term.",$$\gamma_{k \rightarrow i} = \frac{[MASK] P |h_k|^2}{\sum_{j=[MASK]}^K a_j P |h_k|^2 + [MASK]}$$,"\boxed{a_i}, \boxed{i+1}, and \boxed{\sigma_k^2}",,,,,,,
candidate_sinr_05,sinr,XINLI1997/WirelessMATHBench-XL,12673,2111.15630v1,"Complete the three missing components: the desired signal power, the interference power, and the noise power.",$$\gamma _ { n } = \frac { [MASK] } { [MASK] + [MASK] }$$,"\boxed{p _ { n } | h _ { n } | ^ { 2 }}, \boxed{\sum _ { k = 1 , k \neq n } ^ { N } | h _ { k } | ^ { 2 } p _ { k }}, \boxed{\sigma ^ { 2 }}",,,,,,,
candidate_sinr_06,sinr,XINLI1997/WirelessMATHBench-XL,13042,2012.07034v1,Fill in the missing numerator and denominator components.,$$\gamma_u = \frac{[MASK]}{|h_u|^2}$$,\boxed{P_t |h_u|^2} and \boxed{N_0 + I} \\ (Equation: $\gamma_u = \frac{\boxed{P_t |h_u|^2}}{\boxed{N_0 + I}}$),,,,,,,
candidate_sinr_07,sinr,XINLI1997/WirelessMATHBench-XL,13053,2012.07034v1,Fill in the desired signal power factor and the allocated power factor for the interferer.,$$\hat{\gamma}_s = \frac{[MASK]}{1 + \beta [MASK] \gamma_s}$$,\boxed{\alpha_s \gamma_s} and \boxed{(1 - \alpha_s)} \\ (Equation: $\hat{\gamma}_s = \frac{\boxed{\alpha_s \gamma_s}}{1 + \beta \boxed{(1 - \alpha_s)} \gamma_s}$),,,,,,,
candidate_sinr_08,sinr,XINLI1997/WirelessMATHBench-XL,13054,2012.07034v1,Write the complete equation for the NOMA strong user's SINR.,$$\hat{\gamma}_s = [MASK]$$,\boxed{\frac{\alpha_s \gamma_s}{1 + \beta (1 - \alpha_s) \gamma_s}},,,,,,,
candidate_sinr_09,sinr,XINLI1997/WirelessMATHBench-XL,13057,2012.07034v1,What is the normalized desired signal power for the weak user?,$$\hat{\gamma}_w = \frac{[MASK]}{1 + \alpha_s \gamma_w}$$,\boxed{(1 - \alpha_s) \gamma_w},,,,,,,
candidate_sinr_10,sinr,XINLI1997/WirelessMATHBench-XL,13058,2012.07034v1,Complete the numerator and denominator for the weak user's SINR.,$$\hat{\gamma}_w = \frac{[MASK]}{[MASK]}$$,\boxed{(1 - \alpha_s) \gamma_w} and \boxed{1 + \alpha_s \gamma_w} \\ (Equation: $\hat{\gamma}_w = \frac{\boxed{(1 - \alpha_s) \gamma_w}}{\boxed{1 + \alpha_s \gamma_w}}$),,,,,,,
candidate_outage_probability_01,outage_probability,XINLI1997/WirelessMATHBench-XL,16824,2211.09599v1,Write the complete equation defining the fading margin $F_M(p)$ in dB for an outage probability $p$.,$$[MASK]$$,\boxed{F_{M}(p) = 10 \log_{10} \left( \frac{Q(0.5)}{Q(p)} \right)},,,,,,,
candidate_outage_probability_02,outage_probability,XINLI1997/WirelessMATHBench-XL,3673,2410.00896v1,What function of the redundancy rate appears in the numerator?,"$$p_{so}^k = \exp \left( - \frac{ ( \dot{\boldsymbol{\Psi}}_k^H \dot{\boldsymbol{\Psi}}_k + \sigma_{e,k}^2 ) ([MASK]) }{ \boldsymbol{\Psi}_k^H \boldsymbol{\Psi}_k } \right)$$",\boxed{2^{S_k} - 1}},,,,,,,
candidate_outage_probability_03,outage_probability,XINLI1997/WirelessMATHBench-XL,7381,2507.17494v1,What is the probability that at least one other resource is predicted to be outage-free?,,\boxed{\left(1 - \left(1 - F_j(q_{th}) \right)^{|\mathcal{R}| - 1} \right)},,,,,,,
candidate_outage_probability_04,outage_probability,XINLI1997/WirelessMATHBench-XL,10392,2312.05768v1,Fill in the effective system SNR variable and the correct inequality for the outage event.,$$P_{\mathrm{out}} = \Pr\left([MASK] [MASK] \gamma_{\mathrm{th}}\right)$$,\boxed{\gamma_{\mathrm{hyb}}} and \boxed{\leq},,,,,,,
candidate_outage_probability_05,outage_probability,XINLI1997/WirelessMATHBench-XL,16820,2211.09599v1,Which argument of the quantile function $Q(\cdot)$ completes the formula for the fading margin $F_M(p)$?,$$F_{M}(p) = 10 \log_{10} \left( \frac{Q(0.5)}{[MASK]} \right)$$,B,,,,,,,
candidate_outage_probability_06,outage_probability,XINLI1997/WirelessMATHBench-XL,7382,2507.17494v1,What is the expected true outage probability for a resource conditioned on it being predicted as outage-free?,,\boxed{\mathbb{E} \left[ A_j(Q^\star) \middle| Q^\star \leq q_{th} \right]},,,,,,,
candidate_ber_01,ber,XINLI1997/WirelessMATHBench-XL,10901,2204.07037v2,"What is the second term of the message vector, which updates the shape parameter?","$$\boldsymbol{\mu}_{\theta_n, \zeta} = \left[ \sum_{i=0,1} \langle [ b_n = i ] \rangle \left( - \frac{1}{2} (x_n^2 - 2 x_n \mu_i + \mu_i^2) \right), \quad [MASK] \right]^\mathrm{T}$$","\boxed{\sum_{i=0,1} \frac{1}{2} \langle [ b_n = i ] \rangle}}",,,,,,,
candidate_ber_02,ber,XINLI1997/WirelessMATHBench-XL,10902,2204.07037v2,"What is the first term of the message vector, which updates the rate parameter?","$$\boldsymbol{\mu}_{\theta_n, \zeta} = \left[ [MASK], \quad \sum_{i=0,1} \frac{1}{2} \langle [ b_n = i ] \rangle \right]^\mathrm{T}$$","\boxed{\sum_{i=0,1} \langle [ b_n = i ] \rangle \left( - \frac{1}{2} (x_n^2 - 2 x_n \mu_i + \mu_i^2) \right)}}",,,,,,,
candidate_ber_03,ber,XINLI1997/WirelessMATHBench-XL,10903,2204.07037v2,What quadratic expression in $x_n$ and $\mu_i$ is inside the parentheses?,"$$\boldsymbol{\mu}_{\theta_n, \zeta} = \left[ \sum_{i=0,1} \langle [ b_n = i ] \rangle \left( - \frac{1}{2} ([MASK]) \right), \quad \sum_{i=0,1} \frac{1}{2} \langle [ b_n = i ] \rangle \right]^\mathrm{T}$$",\boxed{x_n^2 - 2 x_n \mu_i + \mu_i^2}},,,,,,,
candidate_ber_04,ber,XINLI1997/WirelessMATHBench-XL,10904,2204.07037v2,Write the complete VMP message vector from a conditional Gaussian cluster to the gamma cluster.,"$$\boldsymbol{\mu}_{\theta_n, \zeta} = [MASK]$$","\boxed{\left[ \sum_{i=0,1} \langle [ b_n = i ] \rangle \left( - \frac{1}{2} (x_n^2 - 2 x_n \mu_i + \mu_i^2) \right), \quad \sum_{i=0,1} \frac{1}{2} \langle [ b_n = i ] \rangle \right]^\mathrm{T}}}",,,,,,,
candidate_ber_05,ber,XINLI1997/WirelessMATHBench-XL,18792,2409.09590v1,Fill in the modulation-dependent scaling factor.,$$P_b = \frac{ 2 \left(1 - \frac{1}{\sqrt{M}} \right) }{ \log_2 (M) } \cdot Q \left( \sqrt{ [MASK] \cdot \frac{ 1 }{ \mathrm{EVM}_{RMS}^2 } } \right)$$,\boxed{\frac{ 3 \log_2 (M) }{ M - 1 }},,,,,,,
candidate_ber_06,ber,XINLI1997/WirelessMATHBench-XL,2124,2010.00098v2,Write the complete equation for the continuous-time received baseband signal.,$$\boldsymbol{r}(t) = [MASK]$$,"\boxed{\sum_{k=0}^{K_u-1} \sum_{n=0}^{N_s-1} g_k b_{k,n} s_k(t - n T_s - \tau_k) + \boldsymbol{w}(t)}",,,,,,,
candidate_ber_07,ber,XINLI1997/WirelessMATHBench-XL,6694,2504.09986v3,Write the complete expression for the diversity exponent.,$$\kappa_2 = [MASK]$$,\boxed{\frac{\alpha \mu}{2} L},,,,,,,
candidate_ber_08,ber,XINLI1997/WirelessMATHBench-XL,9688,2110.14112v1,Fill in the two terms that make up the mean variance: one from residual interference and one from noise.,$$\nu^{(t)} = [MASK] + [MASK] \quad (t > 0)$$,\boxed{\frac{K - 1}{N} V_j^{(t-1)}} and \boxed{\frac{\sigma^2}{N}},,,,,,,
candidate_ber_09,ber,XINLI1997/WirelessMATHBench-XL,11585,2412.04876v1,Which expression correctly represents the composite channel gain that should replace [MASK]?,$$I_n(t) := \sum_{n' \in \hat{\mathcal{N}}(t) \setminus \{n\}} \chi_{n'}(t) \cdot P_{n'}(t) \cdot [MASK]$$,B,,,,,,,
candidate_ber_10,ber,XINLI1997/WirelessMATHBench-XL,11588,2412.04876v1,Complete the three factors inside the summation.,"$$I_n(t) := \sum_{n' \in \hat{\mathcal{N}}(t) \setminus \{n\}} [MASK] \cdot [MASK] \cdot \left([MASK] |H_{\mathrm{LOS}, n'}(t)|^2 + \sqrt{(1 - \beta^2)} |H_{\mathrm{NLOS}, n'}(t)|^2\right)$$","\boxed{\chi_{n'}(t)}, \boxed{P_{n'}(t)}, and \boxed{\beta}",,,,,,,
candidate_nyquist_rate_01,nyquist_rate,XINLI1997/WirelessMATHBench-XL,2447,2506.19688v2,Fill in the pulse shaping function and the complex exponential that define the waveform.,"$$s(t) = \sum_{m=0}^{M-1} \sum_{n=0}^{N-1} x[m,n] [MASK]\left( t - m \frac{T}{M} \right) [MASK]$$",\boxed{\hat{g}_{\mathrm{tx}}} and \boxed{e^{j 2\pi \frac{n}{NT} \left( t - m \frac{T}{M} \right)}},,,,,,,
candidate_nyquist_rate_02,nyquist_rate,XINLI1997/WirelessMATHBench-XL,2448,2506.19688v2,"Complete the three components of the summation: the data symbol, the pulse function, and the complex exponential.",$$s(t) = \sum_{m=0}^{M-1} \sum_{n=0}^{N-1} [MASK] [MASK]\left( t - m \frac{T}{M} \right) [MASK]$$,"\boxed{x[m,n]}, \boxed{\hat{g}_{\mathrm{tx}}}, \boxed{e^{j 2\pi \frac{n}{NT} \left( t - m \frac{T}{M} \right)}}",,,,,,,
candidate_nyquist_rate_03,nyquist_rate,XINLI1997/WirelessMATHBench-XL,3703,2508.12964v1,"Complete the summation structure, symbol weighting, and pulse-shifting components.",$$s(t) = [MASK] a_k [MASK] [MASK]$$,"\boxed{\sum_k}, \boxed{g(t - }, \boxed{k\tau T)}",,,,,,,
candidate_nyquist_rate_04,nyquist_rate,XINLI1997/WirelessMATHBench-XL,3704,2508.12964v1,Write the complete equation for the transmitted FTN signal.,$$s(t) = [MASK]$$,\boxed{\sum_k a_k g(t - k\tau T)},,,,,,,
candidate_nyquist_rate_05,nyquist_rate,XINLI1997/WirelessMATHBench-XL,526,2503.13583v2,What relational operator completes the necessary and sufficient condition for stability?,"$$\operatorname{det}\left( \mathbf{I} + \mathbf{H}_1(j\omega)\mathbf{H}_2(j\omega) \right) [MASK] 0, \quad \forall \omega \in \mathbb{R}$$",\boxed{\neq},,,,,,,
candidate_mimo_capacity_01,mimo_capacity,XINLI1997/WirelessMATHBench-XL,16032,2211.15990v1,What matrix accounts for the colored noise after combining?,$$C = \log \left( \left| \mathbf{I}_K + \frac{\rho}{N} [MASK] \mathbf{W} \mathbf{H} \mathbf{A} \mathbf{D} (\mathbf{W} \mathbf{H} \mathbf{A} \mathbf{D})^H \right| \right)$$,\boxed{\mathbf{R}_n^{-1}},,,,,,,
candidate_mimo_capacity_02,mimo_capacity,XINLI1997/WirelessMATHBench-XL,16034,2211.15990v1,Write the complete channel capacity equation for the hybrid massive MIMO system.,$$C = [MASK]$$,\boxed{\log \left( \left| \mathbf{I}_K + \frac{\rho}{N} \mathbf{R}_n^{-1} \mathbf{W} \mathbf{H} \mathbf{A} \mathbf{D} (\mathbf{W} \mathbf{H} \mathbf{A} \mathbf{D})^H \right| \right)},,,,,,,
candidate_mimo_capacity_03,mimo_capacity,XINLI1997/WirelessMATHBench-XL,4439,2506.01400v1,Write the complete optimal power allocation formula for a communication user equipment (UE).,"$$P_{C,k,i} = [MASK]$$","\boxed{\left[ \frac{B (1 + \nu_{k,i})}{\mu \ln 2} - \frac{N_{0,k} + I_{k,i}}{\lambda_{k,i}} \right]^{+}}",,,,,,,
candidate_mimo_capacity_04,mimo_capacity,XINLI1997/WirelessMATHBench-XL,9539,2406.19084v1,Write the complete expression for the channel capacity in the high-SNR regime.,$$C = [MASK]$$,\boxed{\sum_{i=1}^{R} \log_2\left(1 + \frac{P_i \lambda_i}{\sigma^2}\right)}},,,,,,,
candidate_mimo_capacity_05,mimo_capacity,XINLI1997/WirelessMATHBench-XL,16031,2211.15990v1,What matrix operation is applied to the effective channel matrix?,$$C = \log \left( \left| \mathbf{I}_K + \frac{\rho}{N} \mathbf{R}_n^{-1} \mathbf{W} \mathbf{H} \mathbf{A} \mathbf{D} [MASK] \right| \right)$$,\boxed{(\mathbf{W} \mathbf{H} \mathbf{A} \mathbf{D})^H},,,,,,,
candidate_mimo_capacity_06,mimo_capacity,XINLI1997/WirelessMATHBench-XL,16033,2211.15990v1,What is the identity matrix that appears in the capacity formula?,$$C = \log \left( \left| [MASK] + \frac{\rho}{N} \mathbf{R}_n^{-1} \mathbf{W} \mathbf{H} \mathbf{A} \mathbf{D} (\mathbf{W} \mathbf{H} \mathbf{A} \mathbf{D})^H \right| \right)$$,\boxed{\mathbf{I}_K},,,,,,,
candidate_mimo_capacity_07,mimo_capacity,XINLI1997/WirelessMATHBench-XL,4438,2506.01400v1,Complete the Lagrange multiplier and the water-level denominator.,"$$P_{C,k,i} = \left[ \frac{B (1 + [MASK])}{[MASK] \ln 2} - \frac{N_{0,k} + I_{k,i}}{\lambda_{k,i}} \right]^{+}$$","\boxed{\nu_{k,i}} and \boxed{\mu}}",,,,,,,
candidate_noise_power_01,noise_power,XINLI1997/WirelessMATHBench-XL,10119,2309.08995v1,Write the complete shot noise variance equation.,$$\sigma_{shot}^{2} = [MASK]$$,\boxed{2 q R_p P_{Received} B + 2 q I_{bg} I_2 B},,,,,,,
candidate_noise_power_02,noise_power,XINLI1997/WirelessMATHBench-XL,11758,2110.14128v1,"Complete the equation for the MMSE channel estimate for $h_{l,k}$.",$$[MASK] = [MASK] \cdot \frac{[MASK]^H}{\sqrt{\tau}} \mathbf{z}_l$$,"\boxed{\hat{h}_{l,k}}, \boxed{\frac{\sqrt{p \tau} \beta_{l,k}}{\sigma^2 + p \tau \sum_{i \in \mathcal{S}_{t_k}} \beta_{l,i}}}, \boxed{\boldsymbol{\phi}_{t_k}}",,,,,,,
candidate_noise_power_03,noise_power,XINLI1997/WirelessMATHBench-XL,11767,2110.14128v1,Fill in the two matrices whose sum defines the posterior precision.,$$\boldsymbol{\Sigma}^{(t)} = \left( [MASK] + [MASK] \right)^{-1}$$,\boxed{\hat{\mathbf{H}}^H (\mathbf{D} + \sigma^2\mathbf{I})^{-1} \hat{\mathbf{H}}} and \boxed{\boldsymbol{\lambda}^{(t)}},,,,,,,
candidate_noise_power_04,noise_power,XINLI1997/WirelessMATHBench-XL,11769,2110.14128v1,Write the complete equation defining the posterior covariance matrix in the EP algorithm.,$$\boldsymbol{\Sigma}^{(t)} = [MASK]$$,\boxed{\left( \hat{\mathbf{H}}^H (\mathbf{D} + \sigma^2\mathbf{I})^{-1} \hat{\mathbf{H}} + \boldsymbol{\lambda}^{(t)} \right)^{-1}},,,,,,,
candidate_noise_power_05,noise_power,XINLI1997/WirelessMATHBench-XL,12222,2303.02850v2,Fill in the normalization factor for the beamformer power and the denominator representing the noise power.,"$$\mathrm{SNR}^{(u)} = \max_{c \in P_\mathrm{CSI}}} \frac{1}{K} \sum_{k \in \mathbf{K}_{c,\mathrm{CSI}}}} \sum_{t \in \mathbf{T}_{c,\mathrm{CSI}}}} [MASK] \frac{ \left\| \widehat{\mathbf{H}_{u,t,k} \mathbf{f}_c} \right\|^2 }{ [MASK] }$$","\boxed{\frac{1}{N_\mathrm{T}}}} and \boxed{\mathbb{E}\left[ \left\| \mathbf{N}_{t,k} \right\|^2 \right]}}",,,,,,,
candidate_noise_power_06,noise_power,XINLI1997/WirelessMATHBench-XL,12223,2303.02850v2,Complete the outer averaging factor and the sets over which the summation occurs.,"$$\mathrm{SNR}^{(u)} = \max_{c \in P_\mathrm{CSI}}} [MASK] \sum_{k \in [MASK]} \sum_{t \in [MASK]} \frac{1}{N_\mathrm{T}}} \frac{ \left\| \widehat{\mathbf{H}_{u,t,k} \mathbf{f}_c} \right\|^2 }{ \mathbb{E}\left[ \left\| \mathbf{N}_{t,k} \right\|^2 \right] }$$","\boxed{\frac{1}{K}}}, \boxed{\mathbf{K}_{c,\mathrm{CSI}}}}, \boxed{\mathbf{T}_{c,\mathrm{CSI}}}}",,,,,,,
candidate_noise_power_07,noise_power,XINLI1997/WirelessMATHBench-XL,12468,2310.03969v1,Complete the numerator and the two terms in the denominator.,$$r_{\mathrm{max}} = \left( \frac{[MASK]}{[MASK] [MASK]} \right)^{\frac{1}{\alpha}}$$,"\boxed{P_{\mathrm{tx}}}, \boxed{\sigma^2}, \boxed{\theta}",,,,,,,
candidate_noise_power_08,noise_power,XINLI1997/WirelessMATHBench-XL,13332,2411.06015v1,What is the cumulative channel transformation through all RISs?,$$R_m = B_m \log_2 \left( 1 + \frac{ \left| [MASK] \boldsymbol{g}_m \right|^2 |x_m|^2 }{\sigma_A^2} \right)$$,\boxed{\prod_{i=1}^{N} \boldsymbol{\Theta}_i \mathbf{H}_i},,,,,,,
candidate_noise_power_09,noise_power,XINLI1997/WirelessMATHBench-XL,13511,2501.12043v1,What expression in the denominator accounts for the detector's quantum efficiency?,$$n = \frac{1 + n_e}{[MASK]}$$,\boxed{\eta - 1},,,,,,,
candidate_noise_power_10,noise_power,XINLI1997/WirelessMATHBench-XL,13513,2501.12043v1,What factor scales the combined electronic and unit noise?,$$n = [MASK]\left(1 + n_e\right)$$,\boxed{\frac{1}{\eta - 1}},,,,,,,
candidate_link_budget_01,link_budget,XINLI1997/WirelessMATHBench-XL,11468,2410.04681v1,Complete the three missing components: the two antenna gain variables and the constant in the denominator.,$$g_i \triangleq \frac{P_t [MASK] [MASK] c^2}{([MASK] f)^2}$$,"\boxed{G_{i,A}}, \boxed{G_{i,U}}, \boxed{4\pi}",,,,,,,
candidate_link_budget_02,link_budget,XINLI1997/WirelessMATHBench-XL,12898,2311.01334v1,Fill in the complete numerator (antenna gains) and denominator (path loss and other losses).,$$|h^{b}|^{2} = \frac{[MASK]}{[MASK]}$$,"\boxed{G_{\mathrm{SAT}}(\theta_{b}) G_{\mathrm{RX,max}}} and \boxed{\left(4\pi d^{b}/\lambda\right)^{2} L^{b}}",,,,,,,
candidate_link_budget_03,link_budget,XINLI1997/WirelessMATHBench-XL,18197,2103.12192v2,Fill in the transmit power term and the denominator.,"$$\mathrm{RSRP}_{n,u} = \frac{\mathrm{EIRP}}{L_s} = \frac{[MASK] \ c^2}{[MASK]}$$",\boxed{\mathrm{EIRP}} and \boxed{(4\pi f_c d)^2},,,,,,,
candidate_link_budget_04,link_budget,XINLI1997/WirelessMATHBench-XL,10604,2501.08100v1,Write the complete equation for the received power.,$$P_r = [MASK]$$,\boxed{P_t |\boldsymbol{w}^H \boldsymbol{H} \boldsymbol{f}|^2},,,,,,,
candidate_link_budget_05,link_budget,XINLI1997/WirelessMATHBench-XL,13195,2107.03434v2,Which expression correctly represents the numerator of the channel hardening metric?,$$\mathsf{CH}_{k} = \frac{[MASK]}{(\mathbb{E}\{\|\mathbf{z}_k\|^2\})^2}$$,D,,,,,,,
candidate_link_budget_06,link_budget,XINLI1997/WirelessMATHBench-XL,15865,2103.09156v2,Which expression completes the free-space path loss equation by replacing [MASK]?,$$L_{FSPL} = 20\log_{10}(d) + 20\log_{10}(f_c) + [MASK]$$,B,,,,,,,
candidate_link_budget_07,link_budget,XINLI1997/WirelessMATHBench-XL,18195,2103.12192v2,Which expression correctly represents the RSRP in terms of the fundamental constants and system parameters that should replace [MASK]?,"$$\mathrm{RSRP}_{n,u} = \frac{\mathrm{EIRP}}{L_s} = [MASK]$$",B,,,,,,,
candidate_link_budget_08,link_budget,XINLI1997/WirelessMATHBench-XL,3455,2402.13804v1,Which expression correctly represents the complete link budget equation for the received power in dBm?,$$P_{\mathrm{rx}} = [MASK]$$,D,,,,,,,
candidate_link_budget_09,link_budget,XINLI1997/WirelessMATHBench-XL,7713,2407.01957v1,"Complete the numerator, denominator, and exponent for the FSPL formula.",$$L = \left( { \frac { [MASK] } { [MASK] } } \right) ^ { [MASK] }$$,"\boxed{4 \pi d}, \boxed{\lambda}, \boxed{2}",,,,,,,
candidate_link_budget_10,link_budget,XINLI1997/WirelessMATHBench-XL,7714,2407.01957v1,Write the complete free-space path loss equation.,$$L = [MASK]$$,\boxed{\left( \frac { 4 \pi d } { \lambda } \right) ^ { 2 }},,,,,,,
candidate_ebn0_relation_01,ebn0_relation,XINLI1997/WirelessMATHBench-XL,10895,2204.07037v2,Which expression correctly represents the conversion from noise precision $\gamma$ to SNR in dB that should replace [MASK]?,$$\mathrm { SNR } _ { \mathrm { d B } } = [MASK]$$,A,,,,,,,
candidate_path_loss_exponent_01,path_loss_exponent,XINLI1997/WirelessMATHBench-XL,11042,2412.19811v1,Fill in the distance-dependent path loss and small-scale fading terms.,$$g = \kappa [MASK] [MASK] \zeta$$,\boxed{d^{-\alpha}} and \boxed{\|h\|^2},,,,,,,
candidate_path_loss_exponent_02,path_loss_exponent,XINLI1997/WirelessMATHBench-XL,11044,2412.19811v1,Write the complete composite channel gain equation.,$$g = [MASK]$$,\boxed{\kappa d^{-\alpha} \|h\|^2 \zeta},,,,,,,
candidate_path_loss_exponent_03,path_loss_exponent,XINLI1997/WirelessMATHBench-XL,12137,2306.01894v2,Fill in the coefficient for the distance-dependent term and the random fading component.,"$$\mathrm{PL^{CI}}(f_c, d)\ [\mathrm{dB}] = \mathrm{FSPL}(f_c) + [MASK]\log_{10}(d) + \delta + [MASK]$$",\boxed{10n} and \boxed{\chi_\sigma},,,,,,,
candidate_path_loss_exponent_04,path_loss_exponent,XINLI1997/WirelessMATHBench-XL,13347,2404.11136v2,Fill in the path loss constant and the exponent.,$$l _ { p } = [MASK] \left( \frac { d _ { 0 } } { d _ { 1 } d _ { 2 } } \right) ^ { [MASK] }$$,\boxed{C _ { 0 } ^ { 2 }} and \boxed{n},,,,,,,
candidate_path_loss_exponent_05,path_loss_exponent,XINLI1997/WirelessMATHBench-XL,13348,2404.11136v2,Complete the numerator and the two distance terms in the denominator.,$$l _ { p } = C _ { 0 } ^ { 2 } \left( \frac { [MASK] } { [MASK] [MASK] } \right) ^ { n }$$,"\boxed{d _ { 0 }}, \boxed{d _ { 1 }}, \boxed{d _ { 2 }}",,,,,,,
candidate_path_loss_exponent_06,path_loss_exponent,XINLI1997/WirelessMATHBench-XL,13758,2407.11265v1,Write the complete expression for both components of the Rician channel model.,$$h_{m}^{j}(t) = [MASK] + [MASK]$$,"\boxed{\sqrt{\frac{1}{1+\kappa}} h_{m}^{j, NLoS}(t)} and \boxed{\sqrt{\frac{\kappa}{1+\kappa}} h_{m}^{j, LoS}}",,,,,,,
candidate_path_loss_exponent_07,path_loss_exponent,XINLI1997/WirelessMATHBench-XL,16322,2309.11917v2,"What is the complete coefficient, including its multiplicative factor, for the logarithmic term?",$$RSS(d) = RSS(d_0) + [MASK]\log_{10}(d/d_0) + X_{dBm}$$,\boxed{10n},,,,,,,
candidate_path_loss_exponent_08,path_loss_exponent,XINLI1997/WirelessMATHBench-XL,16327,2309.11917v2,What is the complete coefficient for the distance-dependent term?,$$RSS_{ij} = A + [MASK]\log_{10}( \|\boldsymbol{x}_i - \boldsymbol{X}_j\|_2 ) + e_{ij}$$,\boxed{10n},,,,,,,
candidate_path_loss_exponent_09,path_loss_exponent,XINLI1997/WirelessMATHBench-XL,16329,2309.11917v2,Write the complete equation for the RSS measured at reference node $j$ from mobile node $i$.,$$RSS_{ij} = [MASK]$$,\boxed{A + 10n \log_{10}( \|\boldsymbol{x}_i - \boldsymbol{X}_j\|_2 ) + e_{ij}},,,,,,,
candidate_path_loss_exponent_10,path_loss_exponent,XINLI1997/WirelessMATHBench-XL,17131,2501.02335v3,What term in the denominator normalizes the expression involving the constant $A$?,"$$M_c(D) = \frac{2\pi\lambda \cdot \gamma\left( \frac{2}{\alpha_U}, A D^{\alpha_U} \right) }{ \alpha_U [MASK] }$$",\boxed{A^{\frac{2}{\alpha_U}}}},,,,,,,
candidate_doppler_shift_01,doppler_shift,XINLI1997/WirelessMATHBench-XL,10019,2205.12155v2,Write the complete beat frequency equation for up-chirp.,"$$f_{\mathrm{beat,up}} = [MASK]$$",\boxed{\mu \cdot \frac{2R}{c_0} - \frac{2V_r}{\lambda}},,,,,,,
candidate_doppler_shift_02,doppler_shift,XINLI1997/WirelessMATHBench-XL,10039,2205.12155v2,Write the complete definition of the squared ambiguity function.,"$$\left| \chi \left( \tau , f_{d} \right) \right| ^{2} = [MASK]$$",\boxed{\left| \int_{-\infty}^{\infty} \tilde{x}(t) \tilde{x}^{*}(t - \tau) e^{j 2 \pi f_{d} t} dt \right|^{2}},,,,,,,
candidate_doppler_shift_03,doppler_shift,XINLI1997/WirelessMATHBench-XL,10398,2502.09857v1,Complete the three missing components: the path amplitude terms and the delay-dependent phase term.,"$$h_{(k,n,m),p}(t) = [MASK] [MASK] e^{j \frac{2\pi}{\lambda} (\mathbf{r}_p^{\mathrm{rx}})^T \mathbf{d}_{n,m}^{\mathrm{rx}} } e^{j \frac{2\pi}{\lambda} (\mathbf{r}_p^{\mathrm{tx}})^T \mathbf{d}_{k}^{\mathrm{tx}} } e^{j 2\pi w_p t } [MASK]$$","\boxed{\alpha_p}, \boxed{\beta_p}, and \boxed{e^{j 2\pi f \tau_p }}",,,,,,,
candidate_doppler_shift_04,doppler_shift,XINLI1997/WirelessMATHBench-XL,11527,2411.15995v2,Fill in the Doppler shift term and the delayed transmitted signal.,"$$\mathbf{r}_{m}^{j,0}(t) = \kappa \sqrt{p_m} \sum_{k=1}^{K} \beta_{m,k}^{j,0} [MASK] \mathbf{b}(\theta_{m,k}^{j,0}) \mathbf{a}^{\dagger}(\theta_{m,k}^{j,0}) \mathbf{f}^{j,0} [MASK] + \mathbf{z}(t)$$","\boxed{e^{j 2\pi \mu_{m,k}^{j,0} t}} and \boxed{s(t - \tau_{m,k}^{j,0})}",,,,,,,
candidate_doppler_shift_05,doppler_shift,XINLI1997/WirelessMATHBench-XL,11877,2212.07950v1,Fill in the two terms that model the time-varying phase and the delay spread for each target.,"$$h_{\mathrm{sen}}^{\mathrm{TD}}(t, \tau) = \sum_{q=1}^{Q} \beta_q [MASK] [MASK] \zeta_q$$",\boxed{e^{j 2\pi \nu_q t}} and \boxed{g(\tau - \tau_q)},,,,,,,
candidate_doppler_shift_06,doppler_shift,XINLI1997/WirelessMATHBench-XL,11879,2212.07950v1,Write the complete equation for the time-delay domain sensing channel impulse response.,"$$h_{\mathrm{sen}}^{\mathrm{TD}}(t, \tau) = [MASK]$$",\boxed{\sum_{q=1}^{Q} \beta_q e^{j 2\pi \nu_q t} g(\tau - \tau_q) \zeta_q},,,,,,,
candidate_doppler_shift_07,doppler_shift,XINLI1997/WirelessMATHBench-XL,12497,2401.08624v1,Fill in the two exponential terms representing the phase shift and the Doppler shift.,$$h(t) = \sum_{p=1}^{P} \sqrt{G_p} \cdot [MASK] \cdot [MASK]$$,"\boxed{e^{-j\phi_p}} and \boxed{e^{j2\pi f_{D,p}t}}",,,,,,,
candidate_doppler_shift_08,doppler_shift,XINLI1997/WirelessMATHBench-XL,12503,2405.02873v2,"Complete the three missing components: the amplitude term, the Doppler phase term, and the receive steering vector.","$$\mathbf{y}^{\mathrm{MBS}}_{n,m} = [MASK] \sum_{l=1}^{L} b^{l}_{2} [MASK] e^{-j2\pi n Q \Delta f^{1} \tau_{l}} [MASK] \mathbf{a}^{\mathrm{T}}_{\mathrm{Tx}}(\phi_{l}) \mathbf{x}^{2}_{n,m} + \mathbf{z}^{2}_{n,m}$$","\boxed{\sqrt{P^{2}_{m,n,\mathrm{T}}}}, \boxed{e^{j2\pi f^{2}_{\mathrm{d},l} m T^{2}}}, and \boxed{\mathbf{a}_{\mathrm{Rx}}(\theta_{l})}",,,,,,,
candidate_doppler_shift_09,doppler_shift,XINLI1997/WirelessMATHBench-XL,12709,2403.08900v1,Write the complete channel aging model equation.,$$\mathbf{g}_{bu}[n] = [MASK]$$,\boxed{\rho_u[n] \mathbf{g}_{bu}[0] + \bar{\rho}_u[n] \mathbf{v}_{bu}[n]},,,,,,,
candidate_doppler_shift_10,doppler_shift,XINLI1997/WirelessMATHBench-XL,15988,2012.01726v1,What is the coefficient of the inner product term?,"$$c_m(\boldsymbol{\Omega}) = \exp \left( [MASK] \langle \mathbf{e}(\boldsymbol{\Omega}), \mathbf{r}_m \rangle + j2\pi \nu_l t \right)$$",\boxed{j2\pi \lambda^{-1}},,,,,,,
