id,patient_note,question,calculator_name,category,output_type,ground_truth_answer,lower_limit,upper_limit,relevant_entities,ground_truth_explanation
1,"An 87-year-old man was admitted to our hospital for anorexia for several days, high-grade fever from the previous day, and liver dysfunction. Of note, he had a history of hypertension, diabetes mellitus (DM), and angina. Physical examination findings included: clear consciousness; height, 163 cm; weight, 48 kg; blood pressure, 66/40 mmHg; heart rate, 75/min; respiratory rate, 22/min; oxygen saturation of peripheral artery, 96%; and body temperature, 38.1 °C. He had no surface lymphadenopathy. Laboratory findings included: white blood cell (WBC) count, 4.2 × 109/L; hemoglobin, 9.6 g/dL; platelet count, 106 × 109/L; lactate dehydrogenase (LDH), 1662 IU/L; aspartate aminotransferase (AST), 6562 IU/L; alanine aminotransferase (ALT), 1407 IU/L; alkaline phosphatase (ALP), 509 IU/L; γ-glutamyl transpeptidase (γ-GTP), 130 IU/L; total bilirubin, 2.7 mg/dL; prothrombin time (PT), 20.3 s; international normalized ratio (INR), 1.73; blood urea nitrogen (BUN), 34.4 mg/dL; and creatinine, 1.4 mg/dL. Serologic tests were all negative for hepatitis A, B, C, and E. Computed tomography (CT) performed at admission revealed no distinct nodules or masses in the liver, but mild splenomegaly, multiple hypodense splenic lesions, and para-aortic lymph node swelling (Fig. a–c). Antibiotics were administered intravenously for suspected acute cholangitis and sepsis, but the fever persisted. Abdominal ultrasonography (US) and magnetic resonance imaging (MRI) performed 2 days later newly depicted gallbladder wall thickening and ascites (Figs. , ). On the same night, the patient presented with grade II hepatic encephalopathy, with blood tests showing a decrease in platelet count and worsening liver function suggestive of “acute type” ALF with hepatic coma and disseminated intravascular coagulation (DIC). While consideration was being given to treating acute liver failure, the patient suddenly developed ventricular fibrillation and died despite immediate resuscitation measures on day 3 of hospitalization.
Given the rapid clinical course, an autopsy was performed in this patient with suspected ALF likely due to drug-induced liver injury, autoimmune hepatitis, hepatitis of indeterminate etiology, circulatory disturbance, metabolic disease, or malignant cells including malignant lymphoma. This led to the patient being diagnosed with malignant, diffuse large B-cell lymphoma, characterized by multiple lymph-node, as well as multi-organ (i.e., spleen, liver, lung, and prostate) involvement: (1) general swelling of lymph nodes in the para-abdominal aorta (Fig. a), peripancreatic, peribronchial, pulmonary hilar, subclavicular regions, as well as in the pelvis, especially around the iliac arteries, measuring up to 60 mm in diameter; (2) presence of multiple whitish splenic nodules (Fig. b) with the entire spleen shown to be microscopically infiltrated by tumor cells (Fig. a); (3) irregular geographical morphology of the liver (Fig. c) with the lymphoma cells mainly infiltrating the portal areas (Fig. b); (4) involvement of the right lobe of the lung; (5) involvement of both lobes of the prostate consequent to outer connective tissue involvement (Fig. c). Microscopically, the tumor cells in the lymph nodes were shown to have medium-sized irregular nuclei and small nucleoli with a high nuclear cytoplasmic ratio, thus showing diffuse proliferation characterized by the presence of large numbers of small T-cells (Fig. ). Immunohistochemistry revealed the tumor cells to be positive for CD20 (Fig. a), CD79a (Fig. b), bcl-2 (Fig. c), and MUM1 (Fig. d), but negative for CD3 (Fig. e), CD10, bcl-6, and cyclin D1, with a Ki-67 labeling index (Ki-67 LI) of 16% (Fig. f). The causes of death were thus determined as (1) DIC and (2) ALF associated with diffuse large B-cell lymphoma.","What is the patient's Creatinine Clearance using the Cockroft-Gault Equation in terms of mL/min? You should use the patient's adjusted body weight in kg instead of the patient's actual body weight if the patient is overweight or obese based on their BMI. If the patient's BMI's normal, set their adjusted body weight to the minimum of the ideal body and actual weight. If the patient is underweight, please set their adjusted body weight to their actual body weight. You should use the patient's medical values and health status when they were first admitted to the hospital prior to any treatment.",Creatinine Clearance (Cockcroft-Gault Equation),lab test,decimal,25.2381,23.97619,26.50001,"{'sex': 'Male', 'age': [87, 'years'], 'weight': [48.0, 'kg'], 'height': [163.0, 'cm'], 'creatinine': [1.4, 'mg/dL']}","The formula for computing Cockcroft-Gault is given by CrCl = ((140 - age) * adjusted weight * (gender_coefficient)) / (serum creatinine * 72), where the gender_coefficient is 1 if male, and 0.85 if female. The serum creatinine concentration is in mg/dL.
The patient's gender is male, which means that the gender coefficient is 1.
The patient is 87 years old. 
The concentration of creatinine is 1.4 mg/dL. 
The formula for computing the patient's BMI is (weight)/(height * height), where weight is the patient's weight in kg and height is the patient's height in m.
The patient's height is 163.0 cm, which is 163.0 cm * 1 m / 100 cm = 1.63 m. The patient's weight is 48.0 kg. The patient's bmi is therefore 48.0 kg / (1.63 m * 1.63 m) = 18.06617 kg/m^2.The patient's BMI is 18.1, indicating they are underweight.
Because the patient is underweight, we take the patient's weight, 48.0 kg as the patient's adjusted weight needed for the Cockroft-Gault Equation. 
Using the Cockcroft-Gault equation:
CrCl = ((140 - age) * adjusted weight * gender_coefficient) / (serum creatinine * 72).
Plugging the patient's values gives us ((140 - 87) * 48.0 * 1) / (1.4 * 72) = 25.2381 mL/min. Hence, the patient's creatinine clearance is 25.2381 mL/min."
278,"A 67- year old German female with a history of hypertension and Crohn's disease was admitted to our emergency department with chest pain. One year ago the patient was admitted with the same symptoms. A Takotsubo Cardiomyopathy was diagnosed and typical apical ballooning (akinesia of apical left ventricular segments and hyperkinesis of basal segments; Figure ) was seen in the left ventricular angiogram. On admission she did not report about an obvious emotional stress situation (like news of an unexpected death of a relative or news of a catastrophic medical diagnosis) preceding chest pain. She was under chronic therapy with betablockers (Metoprolol 47,5 mg/od), ACE-inhibitors (Ramipril 2,5 mg/od) and aspirin (100 mg/od). Initially she had a pulse rate of 60 beats/min and a blood pressure of 120/80 mmHg. Her physical examination was essentially normal. Laboratory testing revealed elevated levels of Troponin T (0.13 ng/ml, [<0.03 ng/ml]) and creatinine kinase (208 U/l, [<145 U/l]]. Catecholamine plasma levels were not elevated.
The initial electrocardiogram showed sinus rhythm and T-inversions in the leads I, II, aVL, V1 and V2.
An acute Non ST-elevation infarction was suspected based on the clinical presentation including chest pain, electrocardiographic changes and elevated myocardial markers. The patient received aspirin, clopidogrel und unfractionated heparin. Recent angiogram showed an isolated midventricular ballooning (akinesia anterolateral and diaphragmal; Figure ) and an ejection fraction of 48 %. In both cases the coronary angiography showed a mild coronary artery disease with a 50 % stenosis in the left anterior descending. Contrast enhanced cardiac magnetic resonance imaging excluded myocardial necrosis as well as ischemia in the anterior wall.
Within one week wall motion abnormalities and ejection fraction fully recovered.
Her recovery was uneventful and she was doing well at discharge. She was discharged with a chronic medication including betablockers (Metoprolol 47,5 mg/td), ACE-inhibitors (Ramipril 2,5 mg/td), aspirin (100 mg/od) and statins (Simvastatin 40 mg/od).",What is the patient's score of the HEART Score? You should use the patient's medical values and health status when they were first admitted to the hospital prior to any treatment.,HEART Score for Major Cardiac Events,risk,integer,8,8,8,"{'age': [67, 'years'], 'Hypertension history': True, 'Suspicion History': 'Moderately suspicious', 'Diabetes mellitus': False, 'smoking': False, 'atherosclerotic disease': True, 'Initial troponin': 'greater than three times normal limit', 'Transient Ischemic Attacks History': False, 'hypercholesterolemia': False, 'Electrocardiogram Test': 'Non-specific repolarization disturbance', 'obesity': False, 'parent or sibling with Cardiovascular disease before age 65': False}","The HEART Score for risk stratification in patients with chest pain is shown below:

1. History: Slightly suspicious = 0 points, Moderately suspicious = +1 point, Highly suspicious = +2 points
2. EKG: Normal = 0 points, Non-specific repolarization disturbance = +1 point, Significant ST deviation = +2 points
3. Age: <45 years = 0 points, 45-64 years = +1 point, ≥65 years = +2 points
4. Risk factors (HTN, hypercholesterolemia, DM, obesity (BMI >30 kg/m²), smoking (current or cessation within 3 months), positive family history of cardiovascular disease before age 65, atherosclerotic disease such as prior MI, PCI/CABG, CVA/TIA, or peripheral arterial disease): No known risk factors = 0 points, 1-2 risk factors = +1 point, ≥3 risk factors or history of atherosclerotic disease = +2 points
5. Initial troponin level: ≤normal limit = 0 points, 1-3x normal limit = +1 point, >3x normal limit = +2 points

The total score is calculated by summing the points for each criterion.
    
The current HEART Score is 0.
The value of 'history' in the patient's note is determined to be 'Moderately suspicious'. Based on the HEART Score criteria, 1 point is added for 'history', increasing the current total to 0 + 1 = 1.
The value of 'electrocardiogram' in the patient's note is determined to be 'Non-specific repolarization disturbance'. Based on the HEART Score criteria, 1 point is added for 'electrocardiogram', increasing the current total to 1 + 1 = 2.
The patient is 67 years old. The patient's age is greater than 65 years and so we increment the current total by 2, making the current total 2 + 2 = 4.
The following risk factor(s) are present based on the patient's note: hypertension, atherosclerotic disease. The following risk factor(s) are mentioned in the patient's note, but these risk factors are noted to be absent from the patient: hypercholesterolemia, diabetes mellitus, obesity, smoking, family with cvd. Based on the HEART Score risk factors criteria, 2 risk factors are present and so 2 points are added for the risk factors criteria (≥3 risk factors or atherosclerotic disease present), making the current total 4 + 2 = 6.
The value of 'initial troponin' in the patient's note is determined to be 'greater than three times normal limit'. Based on the HEART Score criteria, 2 points are added for 'initial troponin', increasing the current total to 6 + 2 = 8.
Based on the patient's data, the HEART Score is 8."
558,"A 68-year-old man is admitted to the emergency department after 2 days of difficulty breathing and fever. His past medical history is significant for hypertension and benign prostate hypertrophy. He takes hydrochlorothiazide and tamsulosin.  He also admits to drinking alcohol on the weekends and a half pack a day smoking habit. Upon admission, he is found to have blood pressure of 125/83 mm Hg, pulse of 88/min, a respiratory rate of 28/min, and a temperature of 38.9°C (102°F). On physical exam breath sounds are decreased at the left pulmonary base. A chest x-ray reveals consolidation in the left lower lobe. Additional laboratory tests demonstrate leukocytosis, elevated C-reactive protein, a serum creatinine (Cr) of 8.0 mg/dL, and a blood urea nitrogen (BUN) of 32 mg/dL. The patient is admitted to the hospital and started on cefepime and clarithromycin. His dyspnea slowly improves after 48 hours, however, his body temperature remains at 39°C (102.2°F). Recent laboratory tests show reduced C-reactive protein levels, a Cr of 1.8 mg/dL and a BUN of 35 mg/dL. A urinalysis is ordered.",What is the patient's CURB-65 score? You should use the patient's medical values and health status when they were first admitted to the hospital prior to any treatment.,CURB-65 Score for Pneumonia Severity,risk,integer,2,2,2,"{'Systolic Blood Pressure': [125.0, 'mm hg'], 'respiratory rate': [28.0, 'breaths per minute'], 'Blood Urea Nitrogen (BUN)': [32.0, 'mg/dL'], 'Diastolic Blood Pressure': [83.0, 'mm hg'], 'age': [68.0, 'years']}","The CURB-65 Score criteria are listed below:

1. Confusion: No = 0 points, Yes = +1 point
2. BUN >19 mg/dL (>7 mmol/L urea): No = 0 points, Yes = +1 point
3. Respiratory Rate ≥30: No = 0 points, Yes = +1 point
4. Systolic BP <90 mmHg or Diastolic BP ≤60 mmHg: No = 0 points, Yes = +1 point
5. Age ≥65: No = 0 points, Yes = +1 point

The total CURB-65 score is calculated by summing the points for each criterion.

The CURB-65 score is current at 0 points.
The patient is 68.0 years old. The patient's age is greater than or equal to 65 years, and so we add 1 point to the score, making the current total 0 + 1 = 1.
Whether the patient has confusion is not reported in the note. Hence, we assume this to be false, and so 0 points are added to the score, making the current total 1.
The concentration of BUN is 32.0 mg/dL. The patient's BUN concentration is greater than 19 mg/dL and so we add 1 point to score making the current total 1 + 1 = 2.
The patient's respiratory rate is 28 breaths per minute. Because the respiratory rate is less than 30 breaths per minute, 0 points are added to the score, keeping the current total at 2.
The patient's systiolic blood pressure is 125 mm Hg. The patient's diastolic blood pressure is 83 mm Hg. For a point a point to be added, the systiolic blood pressure must be less than 90 mm Hg or the diastolic blood pressure must be less than or equal to 60 mm Hg. Because neither of these statements are true, 0 points are added to score, keeping the current total to 2.
The patient's CURB-65 score is 2."
18,"A 60-year-old male with end-stage kidney disease due to ADPKD was admitted to our hospital for an evaluation of diplopia and left hemiplegia in March 2012. He had started maintenance hemodialysis in 2005. He had hypertension, which was relatively under good control with antihypertensive agents. He had no other arteriosclerotic risks such as diabetes, dyslipidemia, or smoking. He had no past medical history of coronary artery disease, myocardial infarction, or peripheral artery disease. The patient’s father and three brothers were also under hemodialysis due to ADPKD. None of the family members had a vascular system complication such as cerebral aneurysm, or past medical history of stroke. A brain CT scan image showed dilatation of left vertebral artery, basilar artery, bilateral post cerebral artery, and middle cerebral artery (Fig. a, b). At the time, he was diagnosed as vertebrobasilar dolichoectasia and started antihypertensive agents. In 2010, he was once admitted to our hospital for dysarthria, dysphagia and right hemiplegia. Brain magnetic resonance imaging (MRI) revealed acute infarction in the left midbrain, and he was started treatment with anticoagulant and additional antihypertensive agents. Although he recovered from dysarthria and dysphagia, right mild hemiplegia remained. However, he did not have any new stroke events until the admission in 2012.
On admission in 2012, his height was 163.1 cm, weight was 58.5 kg, consciousness level was 13 on the Glasgow Coma Scale, blood pressure was 146/92 mmHg, and body temperature was 36.7 °C. His conjunctiva was anemic, abdomen showed hepatomegaly and bilateral kidney swelling, and lower extremities had bilateral pitting edema. Neurological examination revealed prompt light reflection, isocoric pupil, limitation of the adduction of the right eye when gazing to the left, dysarthria, and bilateral incomplete paralysis.
Laboratory data were as follows: serum Cr 10.7 mg/dL, BUN 48 mg/dL, estimated glomerular filtration rate (eGFR) 4.4 mL/min/1.73 m2, hemoglobin (Hb) 10.7 g/dL, white blood cell count (WBC) 5700/μL, C-reactive protein (CRP) 0.4 mg/dL, aspartate aminotransferase (AST) 6 IU/L, alanine aminotransferase (ALT) 6 IU/L and alkaline phosphatase (ALP) 164 IU/L. Brain MRI showed acute ischemia of bilateral pons and right temporal lobe. Brain magnetic resonance angiography (MRA) did not show significant change in vertebrobasilar dolichoectasia compared with MRA in 2010. We started urokinase 60,000 unit/day and argatroban hydrate 60 mg/day. He was once recovered, and continued rehabilitation and maintenance hemodialysis. After 3 months of admission, he suddenly showed impaired consciousness of 6 on the Glasgow Coma Scale, convulsion, and Cheyne-Stokes respiration. CT scan image did not show any cerebral hemorrhage. Exacerbation of cerebral infarction was suspected, and we started argatroban hydrate 60 mg/day, aleviatin, and non-invasive positive pressure (NPPV). Fourteen days after convulsion, he died of sudden fall in blood pressure (Fig. ).
An autopsy was performed, and the brain was pathologically examined. Macroscopically, massive hemorrhage in subarachnoid were seen due to rupture of basilar tip aneurysm (Fig. a, b). Autopsy diagnosis of his death was subarachnoid hemorrhage. Intravascular lumen of the basilar tip aneurysm was nearly obstructed by thrombi (Fig. c). Old cerebral infarctions were seen in the left temporal lobe and other areas. Basilar, left vertebral, bilateral carotid, bilateral middle, and bilateral post cerebral artery showed irregular dilatation of the vessel wall. A microscopic examination of the dilatation area had rupture of the internal elastic lamina and thinning of the media (Fig. d). A wide range of vertebrobasilar dolichoectasia was also confirmed pathologically. In other organs, systemic arteries also showed marked atherosclerosis, and bilateral iliac artery had an aneurysm-like dilatation.","What is the patient's Creatinine Clearance using the Cockroft-Gault Equation in terms of mL/min? You should use the patient's adjusted body weight in kg instead of the patient's actual body weight if the patient is overweight or obese based on their BMI. If the patient's BMI's normal, set their adjusted body weight to the minimum of the ideal body and actual weight. If the patient is underweight, please set their adjusted body weight to their actual body weight. You should use the patient's medical values and health status when they were first admitted to the hospital prior to any treatment.",Creatinine Clearance (Cockcroft-Gault Equation),lab test,decimal,6.07477,5.77103,6.37851,"{'sex': 'Male', 'age': [60, 'years'], 'weight': [58.5, 'kg'], 'height': [163.1, 'cm'], 'creatinine': [10.7, 'mg/dL']}","The formula for computing Cockcroft-Gault is given by CrCl = ((140 - age) * adjusted weight * (gender_coefficient)) / (serum creatinine * 72), where the gender_coefficient is 1 if male, and 0.85 if female. The serum creatinine concentration is in mg/dL.
The patient's gender is male, which means that the gender coefficient is 1.
The patient is 60 years old. 
The concentration of creatinine is 10.7 mg/dL. 
The formula for computing the patient's BMI is (weight)/(height * height), where weight is the patient's weight in kg and height is the patient's height in m.
The patient's height is 163.1 cm, which is 163.1 cm * 1 m / 100 cm = 1.631 m. The patient's weight is 58.5 kg. The patient's bmi is therefore 58.5 kg / (1.631 m * 1.631 m) = 21.99115 kg/m^2.The patient's BMI is 22.0, indicating they are normal weight.
Because the patient is normal, we take take minimum of the ideal body weight and the patient's body as the patient's adjusted weight for the Cockroft-Gault Equation. Hence, the adjusted body weight is the minimum of the two giving us an adjusted body weight of 58.5 kg.

Using the Cockcroft-Gault equation:
CrCl = ((140 - age) * adjusted weight * gender_coefficient) / (serum creatinine * 72).
Plugging the patient's values gives us ((140 - 60) * 58.5 * 1) / (10.7 * 72) = 6.07477 mL/min. Hence, the patient's creatinine clearance is 6.07477 mL/min."
661,A patient has a heart rate of 171 bpm and a QT interval of 340 msec.,"Using the Fridericia Formula for corrected QT interval, what is the patient's corrected QT interval in terms of msec?",QTc Fridericia Calculator,physical,decimal,482.05069,457.94816,506.15322,"{'Heart Rate or Pulse': [171, 'beats per minute'], 'QT Interval': [340, 'msec']}","The corrected QT interval using the Fredericia formula is computed as  QTc = QT interval / (RR interval)**(1/3), where ** denotes an exponent, QT interval is in msec, and RR interval is given as 60/(heart rate).
The patient's heart rate is 171 beats per minute.
The QT interval is 340 msec.
The RR interval is computed as 60/(heart rate), and so the RR interval is 60/171 = 0.35088.
Hence, plugging in these values, we will get 340/(0.35088)^(1/3) = 482.05069.The patient's corrected QT interval (QTc) is 482.05069 msec."
78,"A 48-year-old morbidly obese African-American male with a medical history of congestive heart failure, hypertension, obstructive sleep apnea on 2 l of home oxygen and non-complaint with continuous positive airway pressure at night presented to the emergency department (ED) with worsening shortness of breath and lower extremity oedema over one week. Vital signs in the ED were temperature, 98.7 degrees Fahrenheit; blood pressure, 116/66 mmHg; heart rate, 130 beats per minute; respiratory rate, 30; oxygen saturation, 85% on 2 l nasal cannula; weight, 162 kg and body mass index, 47. Physical examination revealed a morbidly obese male in acute respiratory distress with an irregularly irregular pulse and one plus lower extremity pitting oedema. Laboratory values in the ED include white blood cell count, 9 800/μl; haemoglobin, 14.2 g/dl; platelet count, 230 000/μl; sodium, 140 mEq/l; potassium, 4.5 mEq/l; chloride, 104 mEq/l; bicarbonate, 29 mEq/l; blood urea nitrogen (BUN), 38 mg/dl; creatinine, 1.4 mg/dl; glucose, 105 mg/dl; aspartate aminotransferase (AST), 51 U/l; alanine aminotransferase (ALT), 40 U/l; alkaline phosphatase, 68 U/l; total bilirubin, 1.5 mg/dl; albumin, 3.4 g/dl; total protein, 7.1 g/dl; international normalised ratio (INR), 1.2; myoglobin, 97 μg/l; troponin, 0.07 ng/ml and B-type natriuretic peptide, 934 pg/ml. Urine toxicology screen was positive for cocaine. Arterial blood gas showed a pH 7.33, paCO2 68.5 and paO2 88.6 on FiO2 of 40%. Electrocardiogram confirmed atrial fibrillation with a rapid ventricular response. Echocardiogram revealed a myopathic severely enlarged left ventricular chamber with moderate concentric left ventricular hypertrophy and severe global hypokinesis with an ejection fraction of 8 to 10%. The patient's work of breathing and oxygenation improved with Bipap. He was started on diltiazem and diuresis was initiated. The patient was admitted to the step-down unit with a new diagnosis of atrial fibrillation.
On hospital day number eight, the overnight nurse found the patient unresponsive. A code blue was called. His initial rhythm was ventricular fibrillation and he was shocked with 200 J twice before regaining pulses. When stabilised, he was transferred to the intensive care unit (ICU) where he regained consciousness and full neurologic function within one hour of the event. The following day, an automatic implantable cardioverter defibrillator (AICD) was placed. Intraoperatively, the patient had runs of ventricular tachycardia with hypotension to 80 mmHg systolic. Postoperatively, the patient was found to have a right fixed mid-dilated pupil, flaccid paralysis of the left arm and leg with hyperreflexia throughout the left side. Computed tomography (CT) of the head revealed a right midbrain and thalamic stroke thought to be secondary to transient arrhythmia-induced hypoperfusion, intraoperatively.
On postoperative day number three, after AICD placement and stroke, the patient acutely developed a rigid distended board-like abdomen with dullness to percussion. Vitals at that time were temperature, 98.4 degrees Fahrenheit; blood pressure, 112/67 mmHg; heart rate range, 55 beats per minute, and respiratory rate 26 on ventilator settings of assist control volume control with a rate of 26; tidal volume, 500 ml; FiO2, 40% and positive end-expiratory pressure of 5. His peak inspiratory pressure on the ventilator had risen from 26 to 72 mmHg; his plateau had risen from 15 to 48 mmHg with oxygen desaturation from 93 to 85%. The patient had received 1.5 l in and urinated 4.5 l over the 24 hours, leading up to this event. His laboratory values from that morning were unchanged from previous (white blood count, 10 400/μl; haemoglobin, 12.6 g/dl; platelets, 200 000/μl; sodium, 139 mEq/l; potassium, 4.7 mEq/l; chloride, 100 mEq/l; bicarbonate, 34 mEq/l; BUN, 36 mg/dl; creatinine, 1.41 mg/dl; glucose, 78 mg/dl; calcium, 8.3 mg/dl; magnesium, 2.0 mEq/l; phosphorus, 3.0 mg/dl; AST, 77 U/l; ALT, 94 U/l; alkaline phosphatase, 186 U/l; total bilirubin, 1.3 mg/dl). This constellation of findings prompted the team to measure an abdominal compartment pressure which was elevated to 53 cm H2O (40 mmHg) with an abdominal perfusion pressure (APP) of 42 mmHg. A CT scan of the abdomen and pelvis was performed which showed no dilated loops of bowel, no ileus, no evidence of free air, abscess or obstruction and minimal free fluid []. Pertinent labs from the event revealed a lactate of 1.0 mg/dl; lipase, 159 U/l; amylase, 76 U/l; creatinine, 1.53 mg/dl. Surgery was consulted and the FiO2 was increased to 100%, which improved his oxygen saturation to 96% despite his elevated peak inspiratory pressures.
Surgical recommendations were for an emergent bedside surgical abdominal decompression. The patient was administered 10 mg of intravenous cisatracurium besylate by anaesthesia in preparation for surgical management. Shortly following paralytic administration, his peak inspiratory pressure corrected from 72 to 23 mmHg, his plateau pressure from 48 to 16 mmHg and his oxygenation status tolerated a decrease in FiO2 down to 40% with his oxygen saturation returning to baseline. Measurement of his abdominal compartment pressure revealed a drop from 53 (40 mmHg) to 23 cm H2O (17 mmHg) and then normalised to 15 cm H20 (11 mmHg) over a three-hour period. During this entire event, the patient averaged 100 to 200 cc/hr of urine output and laboratory values from the following day showed a drop in creatinine from 1.53 to 1.29 mg/dl. Given this correction, surgical management was postponed and the patient was monitored. The patient remained hospitalised for an additional 73 days. He was ultimately transferred to a skilled nursing facility without return of symptoms.",What is patient's mean arterial pressure in mm Hg? You should use the patient's medical values and health status when they were first admitted to the hospital prior to any treatment.,Mean Arterial Pressure (MAP),physical,decimal,82.66667,78.53334,86.8,"{'Diastolic Blood Pressure': [66.0, 'mmhg'], 'Systolic Blood Pressure': [116.0, 'mmhg']}","The mean average pressure is computed by the formula 1/3 * (systolic blood pressure) + 2/3 * (diastolic blood pressure). Plugging in the values, we get 1/3 * 116.0 mm Hg + 2/3 * 66.0 mm Hg = 82.66667 mm Hg.
Hence, the patient's mean arterial pressure is 82.66667 mm Hg."
638,"A 12-year-old girl is brought to the physician because of fatigue, dyspnea, and mild chest pain on exertion for 1 week. She does not have a fever or a rash. She had an upper respiratory infection 3 weeks ago. She returned from summer camp in Colorado 3 days ago. She says they went hiking and camping as part of their activities. Her temperature is 36.9°C (98.4°F), heart rate is 96/min, and blood pressure is 106/74 mm Hg. Pulse oximetry on room air shows an oxygen saturation of 96%. Physical examination reveals jugular venous distention and 1+ pitting edema on both ankles. A few scattered inspiratory crackles are heard in the thorax and an S3 is heard at the apex. Abdominal examination is unremarkable. Her hemoglobin concentration is 11.6 g/dL, leukocyte count is 8900/mm3, and ESR is 10 mm/hr. An x-ray of the chest shows mild cardiac enlargement.",What are the number of criteria met for the PERC Rule for Pulmonary Embolism (PE)? You should use the patient's medical values and health status when they were first admitted to the hospital prior to any treatment.,PERC Rule for Pulmonary Embolism,diagnosis,integer,0,0,0,"{'age': [12, 'years'], 'Heart Rate or Pulse': [96.0, 'beats per minute'], 'O₂ saturation percentage': [96.0, '%'], 'Unilateral Leg Swelling': False, 'Hemoptysis': False, 'Recent surgery or trauma': False, 'Previously documented Deep Vein Thrombosis': False, 'Previously Documented Pulmonary Embolism': False}","The PERC Rule critiera are listed below:

1. Age ≥50: No = 0 points, Yes = +1 point
2. Heart Rate (HR) ≥100: No = 0 points, Yes = +1 point
3. O₂ saturation on room air <95%: No = 0 points, Yes = +1 point
4. Unilateral leg swelling: No = 0 points, Yes = +1 point
5. Hemoptysis: No = 0 points, Yes = +1 point
6. Recent surgery or trauma (within 4 weeks, requiring treatment with general anesthesia): No = 0 points, Yes = +1 point
7. Prior pulmonary embolism (PE) or deep vein thrombosis (DVT): No = 0 points, Yes = +1 point
8. Hormone use (oral contraceptives, hormone replacement, or estrogenic hormone use in males or females): No = 0 points, Yes = +1 point

The total number of criteria met is taken by summing the points for each criterion.
    
The current count of PERC criteria met is 0.
The patient is 12 years old. The patient's age is less than 50 years, and so we do not increment the criteria count. The current total remains at 0.
The patient's heart rate is 96.0 beats per minute. The patient's heart rate is less than 100 beats per minute, and so we do not increment the criteria count. The current total remains at 0.
The saturated oxygen percentage in the room is 96.0 percent. The saturated oxygen is greater than or equal to 95% and so we do not increment the criteria count. The current total remains at 0.
The patient note reports 'unilateral leg swelling' to be absent in the patient and so we do not increment the criteria count. The current total remains at 0.
The patient note reports 'hemoptysis' to be absent in the patient and so we do not increment the criteria count. The current total remains at 0.
The patient note reports 'recent surgery or trauma' to be absent in the patient and so we do not increment the criteria count. The current total remains at 0.
The patient must be diagnosed with at least one of deep vein thrombosis or pulmonary embolism in the past for a PERC rule criteria to be met. The patient is not reported to have been diagnosed with deep vein thrombosis in the past. The patient is not reported to have been diagnosed with pulmonary embolism in the past. Neither criteria is met and so we do increment the criteria count, keep the current total at 0.
The patient note does not report a status on 'hormonal use'. Hence, we assume it to be absent, and so we do not increment the criteria count. The current total remains at 0.
Hence, the number of PERC rule criteria met by the patient is 0."
98,"We describe a 20-year-old male from the Mbuyuni area of northern Tanzania who presented to Kilimanjaro Christian Medical Center (KCMC) in January 2020 with weight loss, splenomegaly, severe cachexia, and watery diarrhea. However, the leading symptom on presentation was watery diarrhea for 3 weeks.
The patient was accompanied by his father who reported that his son suffered from cachexia starting age 17. Prior to age 17, his medical history was unremarkable. His parents and 7 siblings are all healthy.
At the time of initial symptom onset, the patent lived in the Simanjiro district for cattle herding, while the rest of his family members lived in the suburban area of Arusha. He reported several insect bites during his period of working as a cattle herder. His symptoms gradually worsened with increasing weight loss and splenomegaly and as well as skin rashes and maculae in his face. After a year, he sought treatment from traditional healers. After another year of no improvement from consultation of the traditional healer, he presented to an outside hospital in the Arusha region (unknown diagnostic and treatment approach). Eventually, he was admitted at KCMC for further diagnostics.
On admission to KCMC, the patient’s primary complaints were abdominal pain and swelling. The laboratory tests on admission revealed white blood count of 1.51 × 109/L (neutrophils 37.3%, lymphocytes 58.4%, monocytes 3.7%, eosinophils 0.4%, and basophils 0.2%), red blood cell count 2.21 × 1012/L, hemoglobin 4.9 g/dL, thrombocytes 56 × 109/L, creatinine 41 μmol/L, aspartate aminotransferase (AST) 12.9 U/L, alanine aminotransferase (ALT) 7.6 U/L, sodium 124.6 mmol/L, potassium 2.9 mmol/L, and chloride 106 mmol/L. HIV test result is negative. The sputum polymerase chain reaction (PCR) for tuberculosis (GenXpert, Cepheid, Sunnyvale, California, United States of America) was negative; a chest X-ray investigation was normal; and ultrasound of the abdomen revealed hepatosplenomegaly.
On physical exam, he appeared pale and was wasted with a body weight of 39 kg and a height of 172 cm. On abdominal exam, his spleen was enlarged 18 cm below costal margin; the liver was enlarged 3 cm below costal margin; there were traditional healer marks throughout the abdomen; there were no palpable lymph nodes; and the lungs and heart were normal. His skin exam demonstrated hypopigmented maculae scattered on his face with accentuation in the perioral region () and skin-colored maculae on his trunk and arms. The latter occurred a few months before presentation in the hospital. Alopecia areata was also noted.
His travel history includes a 3-month stay in Mombasa (Kenya), approximately 1 year prior to presentation, where he worked as a merchant. Travels to other areas in Kenya or other countries, especially to endemic VL areas, has been denied by the patient as well as travels within Tanzania.
Due to pancytopenia, the patient was referred to the Hematology section of the Cancer Care Centre at KCMC, where we performed bone marrow aspirate and biopsy, revealing Leishmania amastigotes in macrophages (Figs and ). The rapid test for Leishmania antibody detection (IT LEISH) from the peripheral blood and the bone marrow aspirate remained negative.
After discussion with senior experts in tropical diseases, we decided to reperform bone marrow aspiration for PCR in a reference laboratory, which found the aspirate positive for Leishmania species DNA.
Due to the unavailability of liposomal Amphotericin, we initiated treatment with Amphotericin B (1 mg/kg IV). Unfortunately, the patient passed away on the fourth day of treatment due to sudden onset of respiratory insufficiency. Beside evidence of massive organ manifestations of VL (Figs –), the autopsy revealed pneumonia ().",What is the patient's body mass mass index (BMI)? Your answer should be in terms of kg/m². You should use the patient's medical values and health status when they were first admitted to the hospital prior to any treatment.,Body Mass Index (BMI),physical,decimal,13.1828,12.52366,13.84194,"{'weight': [39.0, 'kg'], 'height': [172.0, 'cm']}","The formula for computing the patient's BMI is (weight)/(height * height), where weight is the patient's weight in kg and height is the patient's height in m.
The patient's height is 172.0 cm, which is 172.0 cm * 1 m / 100 cm = 1.72 m. The patient's weight is 39.0 kg. The patient's bmi is therefore 39.0 kg / (1.72 m * 1.72 m) = 13.1828 kg/m^2."
941,"A 61-year-old male arrived at the hospital with increasing shortness of breath, mild confusion, and a two-day history of productive cough. He has a past medical history of controlled hypertension and mild fatty liver disease but denies any recent changes in medication or significant dietary shifts. On initial evaluation, he appeared in moderate respiratory distress, prompting careful assessment of his ability to oxygenate and ventilate. Arterial blood gas sampling revealed his partial pressure of oxygen was 70 mm Hg, concerning given his respiratory complaints. He required advanced airway support on arrival due to insufficient oxygenation on lower levels of supplemental oxygen, and he has been receiving a mixture of inspired gas that surpasses room air concentration to help maintain adequate oxygenation. The inspired oxygen concentration is 40% (FiO₂ 0.40). He remains hemodynamically stable with a systolic pressure of 115 mm Hg and a diastolic pressure of 75 mm Hg, showing no clinical indications of severely decreased perfusion or other concerning circulatory compromise. Physical exam demonstrates that while he opens his eyes spontaneously and can communicate coherently most of the time, he occasionally struggles with more complex tasks, which suggests a mild cognitive deficit rather than a profound alteration in consciousness. On formal assessment, his Glasgow Coma Score was 14. Laboratory data at presentation show a platelet count of 150,000 per microliter, which has decreased slightly compared to his baseline but has not yet fallen into a range typically associated with a high bleeding risk. Additional labs reveal a total bilirubin of 1.8 mg/dL, indicating a mild degree of bilirubin elevation that may be influenced by his known hepatic condition but does not yet show overt signs of severe hepatic dysfunction. Renal function testing indicates a serum creatinine of 1.2 mg/dL, an observation that hovers at the upper boundary of normal for his demographic, and he currently has a daily urine output of about 1500 milliliters, indicating that his kidneys are still generating an adequate volume of urine in the setting of his acute illness. He exhibits no overt signs of severe circulatory compromise, and therefore he has not required continuous intravenous medications specifically aimed at supporting blood pressure or cardiac output. At this time, the clinical team has chosen to monitor his cardiovascular parameters closely, particularly because of his potential for sudden changes in respiratory status and the known risk of progression to sepsis secondary to a suspected pulmonary infection. Despite the mild confusion, he retains an overall favorable prognosis for neurological recovery in the absence of additional insults. Efforts are focused on controlling any underlying infectious etiology through appropriate antimicrobial therapy, maintaining stable ventilatory parameters to improve his oxygen saturation, and providing supportive care to address his mild hepatic and renal concerns. The current plan includes serial reassessment of his neurological status, repeat laboratory tests to track platelet trends and liver enzyme fluctuations, and continued close observation of fluid balance to ensure his urine output remains in a safe range. His clinical status upon arrival underscores the importance of prompt recognition of respiratory compromise in individuals with evidence of possible infection, and his moderate deficits in consciousness along with borderline lab abnormalities warrant vigilant monitoring to prevent further organ dysfunction. Although he remains intubated for now, there is cautious optimism that he will improve with medical management and may be weaned from advanced respiratory support once his oxygenation stabilizes and his condition proves to be on an upward trajectory.",What is the patient's Sequential Organ Failure Assessment (SOFA) Score?,Sequential Organ Failure Assessment (SOFA) Score,risk,integer,6,6,6,"{'PaO2': [70, 'mm Hg'], 'FiO2': [40, '%'], 'On mechanical ventilation': True, 'Platelet count': [150000, 'µL'], 'Glasgow Coma Score': 14, 'Bilirubin': [1.8, 'mg/dL'], 'Hypotension': False, 'Systolic Blood Pressure': [115, 'mm Hg'], 'Diastolic Blood Pressure': [75, 'mm Hg'], 'creatinine': [1.2, 'mg/dL'], 'Urine Output': [1500, 'mL/day']}","The criteria for the SOFA Score are shown below:
    
1. PaO₂/FiO₂ ratio (mm Hg): ≥400 = 0 points, 300-399 = +1 point, 200-299 = +2 points, < 200 and NOT mechanically ventillated = +2 points, 100-199 (with mechanical ventilation) = +3 points, <= 199, <100 (with respiratory support) = +4 points
2. Platelets (x10³/µL): ≥150 = 0 points, 100-149 = +1 point, 50-99 = +2 points, 20-49 = +3 points, <20 = +4 points
3. Glasgow Coma Scale (GCS): 15 = 0 points, 13-14 = +1 point, 10-12 = +2 points, 6-9 = +3 points, <6 = +4 points
4. Bilirubin (mg/dL): <1.2 = 0 points, 1.2-1.9 = +1 point, 2.0-5.9 = +2 points, 6.0-11.9 = +3 points, ≥12.0 = +4 points
5. Mean arterial pressure (MAP) or administration of vasopressors (in mcg): No hypotension = 0 points, MAP <70 mmHg = +1 point, Dopamine ≤5 or Dobutamine (any dose) = +2 points, Dopamine >5 or Epinephrine ≤0.1 or norepinephrine ≤0.1 = +3 points, Dopamine >15 or Epinephrine >0.1 or norepinephrine >0.1 = +4 points
6. Creatinine (mg/dL) or urine output: <1.2 = 0 points, 1.2-<2.0 = +1 point, 2.0-<3.5 = +2 points, 3.5-<5.0 or urine output <500 mL/day = +3 points, ≥5.0 or urine output <200 mL/day = +4 points

The total SOFA Score is calculated by summing the points for each criterion.
    
The patient's current SOFA score is 0.
The patient's partial pressure of oxygen is 70 mm Hg and FiO₂ percentage is 40 %. This means that the patient's partial pressure of oxygen to FiO₂ ratio is 175.0. The patient is reported to be on mechanical ventillation. Whether the patient is on continuous positive airway pressure is not reported and so we assume this to be false. Because the patient's partial pressure of oxygen to FiO₂ ratio is between 100 to 199, and the patient is using at least one of (i) mechanical ventillation or (ii) continious positive airway pressure, we increase the score by three points, makeing the current total 0 + 3 = 3.
The patient is reported to not have hypotension, and so we do not add any points to the score, keeping the current total at 3.
The patient's glasgow coma score is 14. Because the patient's glasgow coma score is between 13 and 14, we add 1 point to the score, making the current score 3 + 1 = 4.
 The concentration of bilirubin is 1.8 mg/dL. Because the patient's bilirubin concentration is at least 1.2 mg/dL, but less than 2.0 mg/dL, we increment the score by one point, make the current score 4 + 1 = 5.
The patient's concentration of platelet is 150000 count/µL. Because the patient's platelet count is at least 150*10³/µL, we do not any points to the score, keeping the current score at 5.
The concentration of creatinine is 1.2 mg/dL. The patients urine output is 1500 mL/day.

Because the patient's creatinine concentration is at least 1.2 mg/dL, but less than 2.0 mg/dL, we increment the score by one point, making the current total 5 + 1 = 6.
Hence, the patient's SOFA score is 6 points."
261,"The proband was a 33-years-old male (FM 1), who was diagnosed with acute ST-elevated MI 5 months ago. Emergency coronary angiography showed that 60 to 80% obstruction of left anterior descending artery (LAD) and 50% stenosis of left circumflex artery (LCX) (). The patient was presented to our hospital due to chest pain and fatigue during physical exercise recurrently. Electrocardiogram and laboratory cardiac enzyme test were all normal. The myocardial perfusion tomographic imaging (adenosine) revealed transverse, coronal, and sagittal planes showing areas of reduced radioactivity distribution in the basement of the posterior lateral wall of the left ventricle. His hyperlipidemia was first diagnosed at age 28, he had taken atorvastatin (10 mg, q.d.) irregularly since then for 4 years, and the LDL-C level ranged between 2.6 to 3.8 mmol/L. Unexpectedly, his LDL-C level rose to 6.18 mmol/L 1 month before MI owing to drug withdrawal ().
His mother experienced lethal MI at the age 50. She was also diagnosed with type 2 diabetes mellitus (T2DM) and hypertension. His several maternal aunties had hyperlipidemia and one of them was died of MI at the age 41. His father had T2DM at age 50. His sister was diagnosed of hypertension, T2DM, and hyperlipidemia at age of 29.",What is the patient's score of the HEART Score? You should use the patient's medical values and health status when they were first admitted to the hospital prior to any treatment.,HEART Score for Major Cardiac Events,risk,integer,4,4,4,"{'age': [33, 'years'], 'Suspicion History': 'Highly suspicious', 'Electrocardiogram Test': 'Normal', 'hypercholesterolemia': True, 'parent or sibling with Cardiovascular disease before age 65': True, 'atherosclerotic disease': True, 'Initial troponin': 'less than or equal to normal limit', 'Hypertension history': False, 'Diabetes mellitus': False, 'obesity': False, 'smoking': False}","The HEART Score for risk stratification in patients with chest pain is shown below:

1. History: Slightly suspicious = 0 points, Moderately suspicious = +1 point, Highly suspicious = +2 points
2. EKG: Normal = 0 points, Non-specific repolarization disturbance = +1 point, Significant ST deviation = +2 points
3. Age: <45 years = 0 points, 45-64 years = +1 point, ≥65 years = +2 points
4. Risk factors (HTN, hypercholesterolemia, DM, obesity (BMI >30 kg/m²), smoking (current or cessation within 3 months), positive family history of cardiovascular disease before age 65, atherosclerotic disease such as prior MI, PCI/CABG, CVA/TIA, or peripheral arterial disease): No known risk factors = 0 points, 1-2 risk factors = +1 point, ≥3 risk factors or history of atherosclerotic disease = +2 points
5. Initial troponin level: ≤normal limit = 0 points, 1-3x normal limit = +1 point, >3x normal limit = +2 points

The total score is calculated by summing the points for each criterion.
    
The current HEART Score is 0.
The value of 'history' in the patient's note is determined to be 'Highly suspicious'. Based on the HEART Score criteria, 2 points are added for 'history', increasing the current total to 0 + 2 = 2.
The value of 'electrocardiogram' in the patient's note is determined to be 'Normal'. Based on the HEART Score criteria, 0 points are added for 'electrocardiogram', keeping the current total at 2.
The patient is 33 years old. The patient's age is less than 45 years and so keep the current total at 2.
The following risk factor(s) are present based on the patient's note: hypercholesterolemia, family with cvd, atherosclerotic disease. The following risk factor(s) are mentioned in the patient's note, but these risk factors are noted to be absent from the patient: hypertension, diabetes mellitus, obesity, smoking. Based on the HEART Score risk factors criteria, 3 risk factors are present and so 2 points are added for the risk factors criteria (≥3 risk factors or atherosclerotic disease present), making the current total 2 + 2 = 4.
The value of 'initial troponin' in the patient's note is determined to be 'less than or equal to normal limit'. Based on the HEART Score criteria, 0 points are added for 'initial troponin', keeping the current total at 4.
Based on the patient's data, the HEART Score is 4."
658,"A 32-year-old female with a past medical history of obesity (body mass index of 42) and gastroesophageal reflux disease, not on home medications, presented to the emergency department complaining of worsening shortness of breath for two days. The patient was in her usual state of health until seven days before presentation, when she developed a dry cough, fever, chills, and malaise. She worked as a certified nursing assistant at a nursing home facility where a few cases of COVID-19 had been detected recently.
In the emergency department, her initial vital signs were as follows: temperature 99°F, pulse 106 beats per minute, blood pressure 107/70 mmHg, respiratory rate 34 breaths per minute, and oxygen saturation 70% on room air. Physical examination revealed an alert and oriented patient (Glasgow Coma Scale 15), with bilateral wheezing but otherwise unremarkable physical findings. She was promptly placed on nasal cannula and subsequently on nonrebreather 100% FiO2, with an improvement of her oxygen saturation to 95%.
Her initial laboratory results showed a white blood cell count of 10.9 K/µL (normal range [NR] 3.8-10.8 K/µL), absolute lymphocyte count of 0.64 K/µL (NR 0.85-3.9 K/µL), hemoglobin 14.1 g/dL (NR 13.2-17.1 g/dL), platelets 214 K/µL (NR 140-400 K/µL), C-reactive protein 30.94 mg/dL (NR < 0.80 mg/dL), ferritin 998 µg/L, lactic acid 3.3 mmol/L (NR 0.5-2.2 mmol/L), lactate dehydrogenase 556 U/L (NR 125-220 U/L), troponin was negative (NR < 0.30 ng/mL), creatinine 1.0 mg/dL (NR 0.7-1.3 mg/dL), Na 138 mmol/L (NR 135-145 mmol/L), K 3.4 mmol/L (NR 3.5-5.1 mmol/L), and high-sensitivity D-dimer 806 ng/mL (NR < 231 ng/mL).
The chest radiograph obtained in the emergency department demonstrated multiple rounded and peripheral ground-glass opacities throughout the lung fields (Figure ).
A nasopharyngeal swab was performed and tested positive for severe acute respiratory syndrome coronavirus 2 (SARS-CoV-2) RNA. Due to severe hypoxia, the patient was admitted to the intensive care unit (ICU). On hospital day 2, she underwent intubation and mechanical ventilation for worsening tachypnea and respiratory distress. The patient was started on intravenous steroids (methylprednisolone 40 mg every eight hours), received a dose of tocilizumab 400 mg, and completed a five-day course of hydroxychloroquine (800 mg/day for one day, then 400 mg/day for four days) and azithromycin (500 mg/day for one day, then 250 mg/day for four days).
On hospital day 3, her renal function worsened, and her creatinine peaked at 2.4 mg/dL, likely secondary to acute tubular necrosis. However, she remained with good urine output and no significant metabolic acidosis. Her creatinine gradually improved on the subsequent days, returning to the baseline renal function. The patient remained stable hemodynamically and sedated with hydromorphone and ketamine, but despite the optimized medical management she continued to spike fevers at 102°F, and repeated chest imaging with CT on day 5 showed significant worsening bilateral ground-glass airspace opacities (Figure ).
On hospital day 7, she received convalescent plasma transfusion and started on vancomycin after respiratory cultures demonstrated the presence of Staphylococcus aureus infection. On hospital day 8, the patient had an episode of oxygen desaturation to 75% with a PaO2/FiO2 ratio of 79, despite being on mechanical ventilation with FiO2 100% and positive end-expiratory pressure (PEEP) 12 cm H2O. She was bagged by the respiratory therapist for over one hour and given the failure of mechanical ventilation to provide adequate oxygenation, the decision was to start VV-ECMO.
The patient’s left femoral vein was cannulated with a 28-Fr heparin-coated cannula for blood return and the left internal jugular vein was cannulated with a 21-Fr cannula for blood access. The patient was placed on VV-ECMO (CentriMag [Thoratec, Pleasanton, CA, USA] short-term external circulatory device) with initial settings of flow 4.5 liters per minute, speed 3,300 revolutions per minute, and ECMO FiO2 100%, sweep three liters per minute. She was started on heparin drip, received infusion of neuromuscular blocking agent cisatracurium for a short period, and then remained sedated with hydromorphone and lorazepam. She continued to have episodes of fevers up to 101°F, and repeated sputum cultures demonstrated the presence of Acinetobacter species and Proteus mirabilis, while blood cultures were negative. She was placed on cefepime for ventilator-associated pneumonia and the episodes of fevers gradually improved.
On the following two weeks, the patient was gradually able to wean down VV-ECMO settings, decreasing ECMO FiO2 to 40%, and flow to 3.6 liters per minute. On hospital day 20, she had a transvenous pacemaker placed due to several episodes of bradycardia with pauses lasting up to 19 seconds during oral care, likely vagally mediated. On hospital day 21, a bronchoscopy was performed and showed minimal secretions and no mucus plug. Given her prolonged time intubated, she underwent tracheostomy placement on hospital day 22. On hospital day 26, the patient was finally able to have VV-ECMO explanted, after 18 days of extracorporeal therapy. As she continued to improve clinically, the mechanical ventilation was successfully weaned off on hospital day 38. The patient was noted to have no neurological deficits, and was able to be downgraded from ICU to the medical ward on the following day.",What are the number of SIRS critiera met by the patient? You should use the patient's medical values and health status when they were first admitted to the hospital prior to any treatment.,SIRS Criteria,diagnosis,integer,2,2,2,"{'Temperature': [99.0, 'degrees fahrenheit'], 'Heart Rate or Pulse': [106.0, 'beats per minute'], 'respiratory rate': [34.0, 'breaths per minute'], 'White blood cell count': [10900.0, 'µL']}","The rules for SIRS Criteria are listed below:
    
1. Temperature >38°C (100.4°F) or <36°C (96.8°F): No = 0 points, Yes = +1 point
2. Heart rate >90: No = 0 points, Yes = +1 point
3. Respiratory rate >20 or PaCO₂ <32 mm Hg: No = 0 points, Yes = +1 point
4. White blood cell count (WBC) >12,000/mm³, <4,000/mm³: No = 0 points, Yes = +1 point

The total number of criteria met is taken by summing the score for each criteria.
    
The current count of SIRS criteria met is 0.
The patient's temperature is 99.0 degrees fahrenheit. To convert to degrees celsius, apply the formula 5/9 * [temperature (degrees fahrenheit) - 32]. This means that the patient's temperature is 5/9 * 67.0 = 37.22222 degrees celsius. Because the temperature is between 36 and 38 degrees celsius, this does not meet SIRS criteria for temperature, and so the current total remains at 0.
The patient's heart rate is 106.0 beats per minute. Because the heart rate is greater than 90 beats per minute, this meets SIRS criteria and so we increment the criteria count by 1 making the current total 0 + 1 = 1.
The patient's concentration of white blood cell is 10900.0 count/µL. To convert 10900.0 count/µL of white blood cell to mm^3, multiply by the conversion factor 1.0 µL/mm^3 which will give 10900.0 white blood cell count/µL * 1.0 µL/mm^3 = 10900.0 white blood cell count/mm^3. Because the white blood cell count is between 4000 and 12000 count per mm^3, this does not meet SIRS criteria for white blood cell count, and so the current total remains at 1.
The final SIRS criteria is whether the patient has a respiratory rate of more than 20 breaths per minute or if the patient's PaCO₂ partial pressure is less than 32 mm Hg. The patient's respiratory rate is 34.0 breaths per minute, which is greater than 20 breaths per minute. The patient's PaCO₂ partial pressure is not provided and so we assume that the patient's partial pressure is greater than or equal to 32 mm Hg. At least one of the criteria is met, and so we increment the criteria count by 1 giving us a total of 1 + 1 = 2 criteria met.
Hence, the the number of SIRS criteria met by the patient is 2."
81,"A 63-year-old male, 159 cm in height and 70 kg in weight, was scheduled to undergo resection of cervical epidural mass. The patient had a medical history of well-controlled hypertension and old healed pulmonary tuberculosis. The patient had facial and neck purpuras and ecchymoses, whose cause could not be identified at a private dermatologic clinic. Blood test results concerning platelet count, prothrombin time and activated partial thrombosplastin time were normal.
General anesthesia was induced with propofol 100 mg and remifentanil 0.5 µg/kg/min. Rocuronium 50 mg was administrated to facilitate tracheal intubation. Anesthesia was maintained with 6 vol% desflurane with 50% O2 in air, remifentanil, and rocuromium. After a change from a supine to a prone position, bleeding from the lacerated facial purpuras was recognized while identifying head position on a Mayfield headrest. Swollen purpuras and eyeballs hyperemia were evident. The operation was canceled in order to evaluate the facial lesions and the patient was transported to the postanesthetic care unit when fully conscious.
Skin biopsy from the facial lesions () and serum free light chain assay were performed during the stay at the general ward, and resulted in the diagnosis of systemic amyloidosis of monoclonal gammopathy with lambda type. Multiple myeloma, which usually accompanies systemic amyloidosis, was excluded after bone marrow biopsy and immunoprotein measurement of serum and urine.
The patient had complained of dyspnea since post-anesthesia day 16. Bilateral pleural effusion and interstitial pulmonary edema were identified by high resolution chest computed tomography. Pulmonary function test revealed moderate degree of chronic obstructive pulmonary disease. Cervical magnetic resonance imaging taken 48 days after the anesthesia showed spontaneous resolution of the epidural mass. Post-anesthetic echocardiograph showed thickened myocardium, which was not confirmatory of cardiac amyloidosis. According to abdominal ultrasound, there was no hepatomegaly or splenomegaly. Symptoms and signs suggesting the involvement of other organs, such as renal, neurologic, and hematologic abnormalities, were not observed. Treatment with chemotherapy and auto-peripheral blood stem cell transplantation was planned.",What is the patient's body mass mass index (BMI)? Your answer should be in terms of kg/m². You should use the patient's medical values and health status when they were first admitted to the hospital prior to any treatment.,Body Mass Index (BMI),physical,decimal,27.68878,26.30434,29.07322,"{'height': [159.0, 'cm'], 'weight': [70.0, 'kg']}","The formula for computing the patient's BMI is (weight)/(height * height), where weight is the patient's weight in kg and height is the patient's height in m.
The patient's height is 159.0 cm, which is 159.0 cm * 1 m / 100 cm = 1.59 m. The patient's weight is 70.0 kg. The patient's bmi is therefore 70.0 kg / (1.59 m * 1.59 m) = 27.68878 kg/m^2."
678,A patient has a heart rate of 149 bpm and a QT interval of 267 msec.,"Using the Fridericia Formula for corrected QT interval, what is the patient's corrected QT interval in terms of msec?",QTc Fridericia Calculator,physical,decimal,361.56904,343.49059,379.64749,"{'Heart Rate or Pulse': [149, 'beats per minute'], 'QT Interval': [267, 'msec']}","The corrected QT interval using the Fredericia formula is computed as  QTc = QT interval / (RR interval)**(1/3), where ** denotes an exponent, QT interval is in msec, and RR interval is given as 60/(heart rate).
The patient's heart rate is 149 beats per minute.
The QT interval is 267 msec.
The RR interval is computed as 60/(heart rate), and so the RR interval is 60/149 = 0.40268.
Hence, plugging in these values, we will get 267/(0.40268)^(1/3) = 361.56904.The patient's corrected QT interval (QTc) is 361.56904 msec."
958,"A 65-year-old female arrived for urgent evaluation following four days of progressive confusion, reduced appetite, and mounting fatigue that culminated in a fainting episode at her home. According to her family, she had become increasingly forgetful, needed repeated prompting to maintain even basic daily tasks, and was visibly weaker with each passing day. Physical examination found that she was breathing on her own, albeit with notable difficulty, and that she had been placed on a moderate amount of external oxygen supply prior to arrival because she complained of air hunger. Analysis of her arterial blood at the time of triage revealed a partial pressure of oxygen of 75 mm Hg while she inhaled 44 % supplemental oxygen. Her respiratory rate was modestly elevated, but there was no evidence of immediate airway compromise. Pleural auscultation did not uncover focal crackles or wheezes, though her breathing pattern seemed somewhat shallow, and she showed signs of mild chest-wall retractions, particularly when she attempted to speak in longer sentences. Beyond her unstable respiratory findings, her circulatory status raised significant concern. Measurements taken just after arrival indicated that her upper pressure reading was 92 mm Hg with the accompanying lower value at 54 mm Hg, suggesting that her tissues might be underperfused. Her extremities felt cool, and capillary refill was delayed, lending further weight to the notion that she was in the early stages of inadequate circulation. Family members who accompanied her recalled that she had fainted after feeling lightheaded that morning, prompting them to seek immediate medical assistance. It was discovered that she had been receiving certain infusions before arrival, likely started in an out-of-hospital setting, including dopamine at 0.7 µg/kg/min to provide mild cardiac support and norepinephrine at 0.12 µg/kg/min aimed at raising vascular tone. An additional agent, epinephrine at 0.03 µg/kg/min. Laboratory work drawn upon presentation offered a window into her current physiologic condition. Her platelet count rested at 198 000 /µL, a relatively reassuring number that did not signal a major decrease in clotting elements. Her total bilirubin level was 0.9 mg/dL, near the high end of normal, implying that her liver function was not severely compromised, at least at that specific snapshot in time. On the other hand, her kidney function results were distinctly worrisome: she had a creatinine measurement of 1.7 mg/dL, suggesting that her renal performance had slipped, possibly from dehydration, low perfusion, or an evolving process affecting her kidneys. Her daily urine volume, reported based on monitoring shortly before her arrival, was 1400 mL/day, which some clinicians would interpret as borderline or potentially reduced depending on her fluid intake and baseline kidney reserve. Her Glasgow Coma Score was 12. Her muscle strength was difficult to quantify in the setting of her confusion, but she did not show grossly asymmetric findings. No major bruising or rash was noted on her skin; however, she appeared pale, and her hands remained chilly despite the heated environment of the evaluation bay. She did not complain of significant pain, but she winced slightly when her abdomen was palpated in the lower quadrants, though it was unclear whether that was simply due to general discomfort or a focal issue. She recalled no recent fevers, but her recollection was unreliable. While her mental status was worrisome, a more robust neurological examination would have to wait until her cardiovascular state was better stabilized, especially considering the risk of further perfusion deficits impairing her cerebration. She was asked about any past medical issues, but her answers lacked coherence. Family mentioned that she had a history of “blood sugar troubles” in the distant past, though they were unclear if it had been fully resolved or was still managed intermittently. Given the concerning picture of diminished cognition, borderline-to-low urine output, elevated creatinine, borderline blood pressure readings, and a compromised respiratory pattern that required a moderately increased fraction of inspired oxygen, the clinical team moved swiftly to source underlying causes. Preliminary steps included drawing blood cultures, arranging imaging of her chest and abdomen, and conducting a thorough infectious workup to evaluate possible sepsis or another inflammatory condition. Plans were drafted to carefully adjust her intravenous support medications, but the final decision awaited further data on her volume status and cardiovascular responsiveness. Although her situation warranted stringent monitoring, she remained breathing without a tube in her airway, and the medical staff awaited final radiologic interpretations before considering more advanced respiratory interventions. In the interim, her confusion demanded repeated reassessment to ensure she maintained protective airway reflexes. Overall, despite no obvious evidence on initial survey of severe hemorrhage, hepatic crisis, or advanced coagulopathy, her presentation raised alarm for a possible evolving shock state complicated by mild organ dysfunction, reinforcing the necessity of close supervision and specialized care to prevent further deterioration.",What is the patient's Sequential Organ Failure Assessment (SOFA) Score?,Sequential Organ Failure Assessment (SOFA) Score,risk,integer,9,9,9,"{'PaO2': [75, 'mm Hg'], 'FiO2': [44, '%'], 'On mechanical ventilation': False, 'Platelet count': [198000, 'µL'], 'Glasgow Coma Score': 12, 'Bilirubin': [0.9, 'mg/dL'], 'Hypotension': True, 'Systolic Blood Pressure': [92, 'mm Hg'], 'Diastolic Blood Pressure': [54, 'mm Hg'], 'DOPamine': [0.7, 'mcg/kg/min'], 'norEPINEPHrine': [0.12, 'mcg/kg/min'], 'EPINEPHrine': [0.03, 'mcg/kg/min'], 'creatinine': [1.7, 'mg/dL'], 'Urine Output': [1400, 'mL/day']}","The criteria for the SOFA Score are shown below:
    
1. PaO₂/FiO₂ ratio (mm Hg): ≥400 = 0 points, 300-399 = +1 point, 200-299 = +2 points, < 200 and NOT mechanically ventillated = +2 points, 100-199 (with mechanical ventilation) = +3 points, <= 199, <100 (with respiratory support) = +4 points
2. Platelets (x10³/µL): ≥150 = 0 points, 100-149 = +1 point, 50-99 = +2 points, 20-49 = +3 points, <20 = +4 points
3. Glasgow Coma Scale (GCS): 15 = 0 points, 13-14 = +1 point, 10-12 = +2 points, 6-9 = +3 points, <6 = +4 points
4. Bilirubin (mg/dL): <1.2 = 0 points, 1.2-1.9 = +1 point, 2.0-5.9 = +2 points, 6.0-11.9 = +3 points, ≥12.0 = +4 points
5. Mean arterial pressure (MAP) or administration of vasopressors (in mcg): No hypotension = 0 points, MAP <70 mmHg = +1 point, Dopamine ≤5 or Dobutamine (any dose) = +2 points, Dopamine >5 or Epinephrine ≤0.1 or norepinephrine ≤0.1 = +3 points, Dopamine >15 or Epinephrine >0.1 or norepinephrine >0.1 = +4 points
6. Creatinine (mg/dL) or urine output: <1.2 = 0 points, 1.2-<2.0 = +1 point, 2.0-<3.5 = +2 points, 3.5-<5.0 or urine output <500 mL/day = +3 points, ≥5.0 or urine output <200 mL/day = +4 points

The total SOFA Score is calculated by summing the points for each criterion.
    
The patient's current SOFA score is 0.
The patient's partial pressure of oxygen is 75 mm Hg and FiO₂ percentage is 44 %. This means that the patient's partial pressure of oxygen to FiO₂ ratio is 170.45455. The patient is reported to not be on mechanical ventillation. Whether the patient is on continuous positive airway pressure is not reported and so we assume this to be false. Because the patient's partial pressure of oxygen to FiO₂ ratio is less than 200, the patient is not on mechanical ventillation and is not using continious positive airway pressure, we increase the score by two points, making the current total 0 + 2 = 2.
For four points to be given, the patient must be taking more than 15 micrograms/kg/min, more than 0.1 micrograms/kg/min of epinephrine, or more than 0.1 micrograms/kg/min of norepinephrine. Because at least one of these cases is true for the patient, we increment the score by four points, making the current total 2 + 4 = 6.
The patient's glasgow coma score is 12. Because the patient's glasgow coma score is between 10 and 12, we add 2 points to the score, making the current score 6 + 2 = 8.
 The concentration of bilirubin is 0.9 mg/dL. Because the patient's bilirubin concentration is less than 1.2 mg/dL, we add 0 points to the score, keeping the score at 8.
 The patient's concentration of platelet is 198000 count/µL. Because the patient's platelet count is at least 150*10³/µL, we do not any points to the score, keeping the current score at 8.
The concentration of creatinine is 1.7 mg/dL. The patients urine output is 1400 mL/day.

Because the patient's creatinine concentration is at least 1.2 mg/dL, but less than 2.0 mg/dL, we increment the score by one point, making the current total 8 + 1 = 9.
Hence, the patient's SOFA score is 9 points."
61,"A 46 year old male, a known hypertensive on treatment for the past 10 years, was diagnosed to have chronic renal failure 3 years ago. Consequently he progressed to ESRD and hemodialysis was initiated in December 2006 for the same, with the creation of a brachiocephalic arteriovenous fistula over the left arm. He has been undergoing regular thrice weekly hemodialysis since then. He is a school teacher by occupation. He had no past history of diabetes mellitus, hypothyroidism, coronary artery disease, or hepatic disease. No past history of Tuberculosis or TB contact. He is married and has two sons. He was a non-smoker and a non-alcoholic.
Over the past year, the artificial AV fistula enlarged in size to attain its current dimensions (Figure ). On 3rd June 2008, he presented to the emergency department of our tertiary care hospital with complaints of progressive breathlessness over the past 15 days. There was no history of associated chest pain, palpitations, syncope, cough, expectoration, or orthopnea.
On examination, he had pallor and bilateral pitting pedal edema. He was afebrile, with a pulse rate of 108/min, BP of 140/80 mmHg, respiratory rate of 28/min. A giant arteriovenous fistula was seen extending from the cubital fossa of the left arm up to the left supraclavicular region (Figure ). Respiratory system examination revealed stony dullness over the left mammary, infra-axillary and sub-scapular areas on percussion. On auscultation, there was decreased intensity of breath sounds over the above mentioned areas. Normal vesicular breath sounds were heard over all other areas. Other systems examination was unremarkable.
His blood investigations showed hemoglobin of 4.5 g/dl, BUN – 13 mg/dl, creatinine- 2.6 mg/dl, with other parameters being within normal limits. His coagulation profile was slightly deranged with a raised INR (Table ). Chest X-ray revealed a massive pleural effusion on the left side (Figure ). USG guided pleural aspiration revealed a hemorrhagic fluid. Pleural fluid analysis showed no WBCs, RBC – 5000/mm3 (normocytic 22%, crenated 88%), sugar – 70 mgs/dl, protein – 4.3 g/dl. Doppler study of the AV fistula showed a high peak velocity of 350 cms/sec, with no evidence of thrombosis or stenosis. In order to drain the hemorrhagic pleural effusion, an intercostal drain was placed. Patient was managed with 5 units packed red cell transfusion, oxygen and other supportive measures. With this presentation the possible cause for the left hemothorax was suspected to be due to the AV fistula. Hence after the patient was stabilized, the giant AV fistula was ligated on the 6th day after admission. Following ligation of the fistula, the patient's left sided pleural effusion decreased. The chest drain was removed after 7 days and patient was discharged after 3 more days. On follow up 6 weeks later, the patient did not have a recurrence of pleural effusion (Figure ). For further hemodialysis, the creation of a new fistula on his right arm has been planned.",What is patient's mean arterial pressure in mm Hg? You should use the patient's medical values and health status when they were first admitted to the hospital prior to any treatment.,Mean Arterial Pressure (MAP),physical,decimal,100.0,95.0,105.0,"{'Systolic Blood Pressure': [140.0, 'mm hg'], 'Diastolic Blood Pressure': [80.0, 'mm hg']}","The mean average pressure is computed by the formula 1/3 * (systolic blood pressure) + 2/3 * (diastolic blood pressure). Plugging in the values, we get 1/3 * 140.0 mm Hg + 2/3 * 80.0 mm Hg = 100.0 mm Hg.
Hence, the patient's mean arterial pressure is 100.0 mm Hg."
641,"A 56-year-old woman was referred to our center, with a complaint of abdominal pain and constipation, for a week. From the time of onset, the pain was categorized to be severe, not colic and was localized to the epigastric region only. The patient was alert and ill, while she has had nausea and anorexia, but was not been accompanied by vomiting. Her vital signs were as follows: BP: 85/50, PR: 130, T: 37.2, and RR: 18. Her head, neck, and chest (heart and lung) were normal, and abdomen was fatty and without scarlet and reduced intestinal sounds. She had generalized tenderness with maximum pain intensity in epigastric regions, where her organs were normal. Her medical and corresponding drug history was as follows: antiphospholipid antibody syndrome, DVT, a history of two abortions, and type II diabetes.
Her drug history included: prednisolone tablets, 5 mg: once a day; methotrexate: three pounds a week; hydroxychloroquine tablet: 3 days a week; and warfarin tablets: daily half a pill and insulin.
For further examination, her cardiac activity was monitored, and serum therapy was given to the patient. She was also provided a nasogastric tube, Foley catheter for urinary drainage along with hydrocortisone and antibiotics.
After about 60 minutes, her vitals were as follows: BP: 100/60 and PR: 120.
The result of the preliminary tests showed WBC: 4200, Hb: 7.7, PLT: 80 000, and INR: 4.7 and other tests: normal. Ultrasound from the patient's bedside showed free fluid in the abdomen. Following these tests, the therapeutic intervention was continued as follows: serum, wo packed cell (PC) units, and fresh frozen plasma (FFP) units. Meanwhile, the patient was prepared for laparotomy where, during the surgery, her sugar levels kept under control, control, stress-dose cortisol was provided, and she received 5 units of PC and 4 units of FFP.
During the laparotomy, about 3 L of blood and clot were removed from the abdomen. Following this, a cystic lesion was observed in the vicinity of the large stomach flexion that bled due to the invasion of the gastroepyloid vessels (Figure ). After controlling the bleeding, the lesion was fully resected, and samples were examined for pathology (Figure ).
Postoperatively, complete control of the bleeding was achieved with sustained vital signs. However, given the state of preoperative hemorrhagic shock, the patient was kept in ICU until satisfactory recovery was achieved. She also received 5 units of PC and 4 units of FFP, and the vital signs were maintained stable.
Despite there was no recurrence of hemorrhage, she presented pancytopenia perhaps due to the underlying disease (antiphospholipid antibody syndrome). She was hyper-coagulopathic, due to thrombocytopenia and hemorrhagic shock (cause of referral); therefore, anticoagulant administration was not possible.
After 24 hours and ensuring the stability of vital signs and the absence of Ileus, the patient oral feed was resumed. The postoperative examination for pancytopenia was as follows: WBC: 1500 (PMN: 60%), Hb: 11, PLT: 50 000, INR: 1.7, and K: 3.2. Granulocyte colony-stimulating factor (GCSF) therapy was prescribed to the patients after which, her platelets and WBCs showed improvement. The patient's general condition improved, she tolerated the diet, and the bleeding was controlled. Her hemoglobin level did not drop, and therefore, she was transferred to the general ward.
The continuation of treatment was as follows: hydroxychloroquine, prednisolone: half a tablet twice a day, methotrexate was discontinued for 2 weeks, and folic acid and GCSF for 3 days.
Laboratory results showed: platelet <100 000, potassium <3.5, and INR: 1.6. She was administered anticoagulant prophylaxis.
Nine days after the operation, the patient suffered from shortness of breath and tachypnea and a feeling of pressure in the chest. According to the history of the disease, the first diagnosis was a pulmonary embolism, for which anticoagulant therapy was immediately initiated and the patient was transferred to ICU. Her laboratory findings revealed: a decrease in platelets 20 000 and an increase in INR > 3 while ECG was normal. Anticoagulant therapy was restarted. Nonetheless, she went under respiratory distress and despite intubation, she expired.",What are the number of SIRS critiera met by the patient? You should use the patient's medical values and health status when they were first admitted to the hospital prior to any treatment.,SIRS Criteria,diagnosis,integer,1,1,1,"{'Temperature': [37.2, 'degrees celsius'], 'Heart Rate or Pulse': [130.0, 'beats per minute'], 'respiratory rate': [18.0, 'breaths per minute'], 'White blood cell count': [4200.0, 'µL']}","The rules for SIRS Criteria are listed below:
    
1. Temperature >38°C (100.4°F) or <36°C (96.8°F): No = 0 points, Yes = +1 point
2. Heart rate >90: No = 0 points, Yes = +1 point
3. Respiratory rate >20 or PaCO₂ <32 mm Hg: No = 0 points, Yes = +1 point
4. White blood cell count (WBC) >12,000/mm³, <4,000/mm³: No = 0 points, Yes = +1 point

The total number of criteria met is taken by summing the score for each criteria.
    
The current count of SIRS criteria met is 0.
The patient's temperature is 37.2 degrees celsius. Because the temperature is between 36 and 38 degrees celsius, this does not meet SIRS criteria for temperature, and so the current total remains at 0.
The patient's heart rate is 130.0 beats per minute. Because the heart rate is greater than 90 beats per minute, this meets SIRS criteria and so we increment the criteria count by 1 making the current total 0 + 1 = 1.
The patient's concentration of white blood cell is 4200.0 count/µL. To convert 4200.0 count/µL of white blood cell to mm^3, multiply by the conversion factor 1.0 µL/mm^3 which will give 4200.0 white blood cell count/µL * 1.0 µL/mm^3 = 4200.0 white blood cell count/mm^3. Because the white blood cell count is between 4000 and 12000 count per mm^3, this does not meet SIRS criteria for white blood cell count, and so the current total remains at 1.
The final SIRS criteria is whether the patient has a respiratory rate of more than 20 breaths per minute or if the patient's PaCO₂ partial pressure is less than 32 mm Hg. The patient's respiratory rate is 18.0 breaths per minute, which is less or equal to than 20 breaths per min. The patient's PaCO₂ partial pressure is not provided and so we assume that the patient's partial pressure is greater than or equal to 32 mm Hg. Neither criteria met and so keep the current total at 1.
Hence, the the number of SIRS criteria met by the patient is 1."
178,"A 13-year-old female patient was referred to the GI outpatient department of our hospital from a pediatric clinic to undergo the esophagogastroduodenoscopy for the evaluation of recurrent vomiting that lasted for 8 days. The vomiting usually occurred in the afternoon and was bilious in nature. Although vomiting was not related to food intake, she had avoided eating because of recurrent vomiting. She also complained of nausea, boring epigastric pain and palpitation, but denied diarrhea or melena. She had lost 8 kg of weight over 4 months, and her weight was 39.4 kg (10-25 percentile) and height was 156 cm (50-75 percentile) at presentation. Past history and family history were not remarkable. She was in Tanner stage 4. Menarche occurred 6 months ago, and menstrual cycles were irregular. Physical examination revealed a dehydrated tongue, cachexic and anxious appearance. Her blood pressure was 100/80 mmHg, pulse rate was 110/min, respiratory rate was 20/min and body temperature was 36.6℃. There was no definite enlargement or palpable mass on the anterior neck, eye abnormality or lymphadenopathy. The abdomen was soft with normal bowel sound and there was no direct or rebound tenderness on the abdomen. Electrocardiography showed sinus tachycardia. Plain abdominal X-ray showed nonspecific findings. Because she had weight loss and palpitation with anxiety, thyroid stimulating hormone (TSH) was included in the initial laboratory test. Esophagogastroduodenoscopy at the first visit of GI outpatient department revealed mild mucosal erythema on Z-line and acute erythematous gastritis with large amount of duodenogastric reflux (). Helicobacter pylori rapid urease test was negative. She was prescribed a proton pump inhibitor, prokinetic and mucosal coating agent (sucralfate) on the basis of her endoscopic diagnosis with GI department follow up after 2 weeks. Her vomiting improved during the first 2 days after medication, however, she visited the emergency department (ED) 5 days later because of recurred vomiting and boring epigastric pain. Her blood pressure was 140/80 mmHg, pulse rate was 88/min, respiratory rate was 20/min and body temperature was 36.8℃. Physical examination revealed mild epigastric direct tenderness. The physician of the ED found that she already had blood tests including TSH at GI outpatient department and it revealed TSH < 0.01 µIU/mL (normal range 0.35-5.55 µIU/mL). Complete blood count with differential, electrolyte and glucose were within normal limit. A liver function tests showed albumin 4.34 g/dL (normal range 3.8-5.3 g/dL), total bilirubin 2.47 mg/dL (normal range 0.3-1.2 mg/dL), alkaline phosphatase 139 IU/L (normal range 25-100 IU/L), AST 30 IU/L (normal range 0-35 IU/L) and ALT 38 IU/L (normal range 0-35 IU/L). A repeated liver function test at ED showed total bilirubin 1.7 mg/dL, alkaline phosphatase 133 IU/L, AST 30 IU/L, ALT 42 IU/L and magnesium and calcium were within normal limit. Subsequent blood tests for the thyroid showed free triiodothyroxine (T3) > 8.0 ng/mL (normal range 0.60-1.81 ng/mL), free thyroxine (T4) > 12.0 ng/dL (normal range 0.89-1.76 ng/dL), TSH receptor antibody 37.4% (normal range ≤ 15.0%), anti-thyroid microsomal antibody 6.22 U/mL (normal range ≤ 3.0 U/mL) and thyroglobulin antibody 6.91 U/mL (normal range ≤ 3.0 U/mL). Thyroid ultrasonography revealed diffusely enlarged glands, decreased parenchymal echogenecity and increased vascularity of both glands (). Treatment was initiated with propylthiouracil (PTU) 3.75mg/kg/day and propranolol 1 mg/kg/day, after 4 days of treatment, vomiting, epigastric pain and palpitation were improved remarkably. She was discharged with a maintenance dose of PTU (3.75 mg/kg/day) without prokinetic or proton pump inhibitor.
She was hospitalized again 5 days later because vomiting had recurred. Liver function tests returned to normal limits, but thyroid function tests were still elevated (TSH < 0.01 µIU/mL, free T3 6.31 ng/mL and free T4 5.09 ng/dL). We switched treatment from PTU to methimazole 0.4 mg/kg/day and added inorganic iodine (Lugol's solution) for 5 days to prevent thyroid hormone release. After 3 days, there was no further vomiting, and free T3 and free T4 were decreased to 4.46 ng/mL and 2.24 ng/dL, respectively. She was discharged with a maintenance dose of methimazole (0.4 mg/kg/day) and propranolol (1 mg/kg/day).
After 2 months with methimazole and propranolol maintenance therapy, her symptoms were stable and free T4 returned to normal limits (1.27 ng/dL) despite still having low level of TSH (< 0.01 µIU/mL). Over next 16 months with methimazole monotherapy, vomiting has not recurred and she became euthyroid with normalized TSH receptor antibody.","Using the Devine formula, what is the patient's ideal body weight? You should use the patient's medical values and health status when they were first admitted to the hospital prior to any treatment.",Ideal Body Weight,physical,decimal,48.75993,46.32193,51.19793,"{'sex': 'Female', 'height': [156.0, 'cm']}","For males, the ideal body weight (IBW) is calculated as follows: IBW = 50 kg + 2.3 kg * (height (in inches) - 60)
For females, the ideal body weight (IBW) is calculated as follows: 45.5 kg + 2.3 kg * (height (in inches) - 60)
The patient's gender is Female.
The patient's height is 156.0 cm, which is 156.0 cm * 0.393701 in/cm = 61.41736 in. 
Plugging in the values for the IBW formula for females gives us 45.5 kg + 2.3 kg * (61.41736 (in inches) - 60) = 48.75993 kg.
Hence, the patient's IBW is 48.75993 kg."
621,"A 61-year-old male presented to our emergency department complaining of worsening shortness of breath associated with pleuritic chest pain for 3 days. His medical comorbidities included hypertension, type 2 diabetes mellitus, asthma, seizure disorder, obstructive sleep apnea, and a history of pulmonary embolism. His only surgery was an inguinal hernia repair 3 weeks ago. He reported an allergy to angiotensin-converting enzyme inhibitors. He denied alcohol consumption, smoking, or recreational drug use. He had not travelled outside the United States, nor did he encounter any sick contacts. He denied the use of any herbal preparations or over-the-counter medications. Coumadin was the only prescription medication he was taking on a regular basis.
On examination, the patient was a well-built man in respiratory distress. He was tachypneic and hypoxic, saturating at 88% (SpO2) on room air. Blood pressure was 130/80, heart rate 88 bpm, and he was afebrile at 97 °F. On inspection, no icterus, lymphadenopathy, or peripheral edema was noted. On auscultation, his lungs were clear bilaterally, and no heart murmurs were appreciated. His abdomen was soft, non-tender with no hepatosplenomegaly, and bowel sounds were normal.
Initial troponin and pro-brain natriuretic peptide levels were elevated. A computerized tomography with contrast of the chest revealed multiple filling defects within the pulmonary arterial system, indicative of bilateral acute on chronic thromboembolic disease. The patient was started on enoxaparin 120 mg twice a day in addition to his coumadin, as an aim to bridge to a therapeutic international normalized ratio between 2 and 3.
On admission, his liver enzymes were within normal limits as per our institute laboratory values, with an alanine transaminase (ALT) of 28 units/L, aspartate transaminase (AST) of 13 units/L, alkaline phosphatase (ALP) of 95 units/L, albumin of 3.4 g/dL, total bilirubin of 0.4 mg/dL, and conjugated bilirubin of 0.1 mg/dL. They remained as such, up until day 6, when a slight elevation was noted. On day 6, the AST was 72 units/L, ALT was 84 units/L, and ALP was 161 units/L. An R ratio, the initial step of the Roussel Uclaf Causality Assessment Method (RUCAM), was calculated to be 2.64, consistent with a mixed (hepatocellular and cholestatic) pattern of liver injury. At this point, no changes were made to the patient's treatment regimen. On day 7, his liver enzymes peaked with AST of 143 units/L, ALT of 231 units/L, and ALP of 123 units/L as shown in Table . R ratio from these laboratory values was 5.56, consistent with hepatocellular pattern of liver injury.
An ultrasound and computerized tomography of the abdomen was negative for any significant pathology. Echocardiogram of the heart revealed a normal ejection fraction and normal diastolic function. Serologies for hepatitis A, hepatitis B, hepatitis C, Epstein Barr virus, and cytomegalovirus were all negative. Antinuclear antibody screen, anti-mitochondrial antibody, anti-smooth muscle antibody, and anti-liver kidney microsomal antibody were also negative. Serum alpha-1 antitrypsin and serum ceruloplasmin levels were normal.
On day 7 of admission, enoxaparin was discontinued secondary to a therapeutic international normalized ratio. His liver function tests demonstrated a dramatic and steady decline thereafter. He was subsequently discharged on coumadin, and a 2-month follow-up revealed complete normalization of his liver enzymes.",What are the number of criteria met for the PERC Rule for Pulmonary Embolism (PE)? You should use the patient's medical values and health status when they were first admitted to the hospital prior to any treatment.,PERC Rule for Pulmonary Embolism,diagnosis,integer,4,4,4,"{'age': [61.0, 'years'], 'Heart Rate or Pulse': [88.0, 'beats per minute'], 'O₂ saturation percentage': [88.0, '%'], 'Unilateral Leg Swelling': False, 'Hormone use': False, 'Recent surgery or trauma': True, 'Previously Documented Pulmonary Embolism': True, 'Hemoptysis': False, 'Previously documented Deep Vein Thrombosis': False}","The PERC Rule critiera are listed below:

1. Age ≥50: No = 0 points, Yes = +1 point
2. Heart Rate (HR) ≥100: No = 0 points, Yes = +1 point
3. O₂ saturation on room air <95%: No = 0 points, Yes = +1 point
4. Unilateral leg swelling: No = 0 points, Yes = +1 point
5. Hemoptysis: No = 0 points, Yes = +1 point
6. Recent surgery or trauma (within 4 weeks, requiring treatment with general anesthesia): No = 0 points, Yes = +1 point
7. Prior pulmonary embolism (PE) or deep vein thrombosis (DVT): No = 0 points, Yes = +1 point
8. Hormone use (oral contraceptives, hormone replacement, or estrogenic hormone use in males or females): No = 0 points, Yes = +1 point

The total number of criteria met is taken by summing the points for each criterion.
    
The current count of PERC criteria met is 0.
The patient is 61.0 years old. The patient's age is greater than or equal to 50 years, and so we increment the perc critieria met by 1, making the current total 0 + 1 = 1.
The patient's heart rate is 88.0 beats per minute. The patient's heart rate is less than 100 beats per minute, and so we do not increment the criteria count. The current total remains at 1.
The saturated oxygen percentage in the room is 88.0 percent. The saturated oxygen is less than 95%, and so we increment the perc critieria met by 1, making the current total 1 + 1 = 2.
The patient note reports 'unilateral leg swelling' to be absent in the patient and so we do not increment the criteria count. The current total remains at 2.
The patient note reports 'hemoptysis' to be absent in the patient and so we do not increment the criteria count. The current total remains at 2.
The patient note reports 'recent surgery or trauma' to be present for the patient and so we increment the criteria count by 1, making the current total 2 + 1  =  3.
The patient must be diagnosed with at least one of deep vein thrombosis or pulmonary embolism in the past for a PERC rule criteria to be met. The patient is not reported to have been diagnosed with deep vein thrombosis in the past. The patient is reported to have been diagnosed with pulmonary embolism in the past. At least one of the criteria is met and so we increment the criteria met by 1, making the current total 3 + 1 = 4.
The patient note reports 'hormonal use' to be absent in the patient and so we do not increment the criteria count. The current total remains at 4.
Hence, the number of PERC rule criteria met by the patient is 4."
541,"A 38-year-old female presents to the emergency department for cough. She reports that two days ago she developed a nonproductive cough with moderate shortness of breath. On review of systems, the patient also endorses chills and sweats as well as several episodes of diarrhea over the past three days. Her husband also reports that the patient seemed confused this morning when he spoke to her before he left for work. The patient’s past medical history is significant for diabetes mellitus type II for which she takes metformin and glipizide. She drinks 8-10 beers per week and has a 15 pack-year smoking history. She works as a sales manager at a local retail company. Her temperature is 102.6°F (39.2°C), blood pressure is 126/72 mmHg, pulse is 82/min, and respirations are 18/min. On physical exam, she is alert and oriented to person and place only. She has crackles bilaterally extending up to the mid-lung fields. Her abdomen is soft and non-distended without rebound or guarding. Laboratory testing is performed and reveals the following:

Serum:
Na+: 129 mEq/L
K+: 3.6 mEq/L
Cl-: 99 mEq/L
HCO3-: 17 mEq/L
Urea nitrogen: 16 mg/dL
Creatinine: 1.1 mg/dL

Leukocyte count: 16,300/mm^3
Hemoglobin: 13.2 g/dL
Mean corpuscular volume: 87 µm^3
Platelet count: 348,000/mm^3

A chest radiograph is performed and can be seen in Figure A.",What is the patient's CURB-65 score? You should use the patient's medical values and health status when they were first admitted to the hospital prior to any treatment.,CURB-65 Score for Pneumonia Severity,risk,integer,1,1,1,"{'Systolic Blood Pressure': [126.0, 'mm hg'], 'respiratory rate': [18.0, 'breaths per minute'], 'Blood Urea Nitrogen (BUN)': [16.0, 'mg/dL'], 'Confusion': True, 'Diastolic Blood Pressure': [72.0, 'mm hg'], 'age': [38, 'years']}","The CURB-65 Score criteria are listed below:

1. Confusion: No = 0 points, Yes = +1 point
2. BUN >19 mg/dL (>7 mmol/L urea): No = 0 points, Yes = +1 point
3. Respiratory Rate ≥30: No = 0 points, Yes = +1 point
4. Systolic BP <90 mmHg or Diastolic BP ≤60 mmHg: No = 0 points, Yes = +1 point
5. Age ≥65: No = 0 points, Yes = +1 point

The total CURB-65 score is calculated by summing the points for each criterion.

The CURB-65 score is current at 0 points.
The patient is 38 years old. The patient's age is less than 65 years, and so we add 0 points to the score, keeping the current total at 0.
Because the patient has confusion, 1 point is added to score making the current total 0 + 1 = 1.
The concentration of BUN is 16.0 mg/dL. The patient's BUN concentration is less than or equal to 19 mg/dL and so 0 points are added to score, keeping the current total at 1.
The patient's respiratory rate is 18 breaths per minute. Because the respiratory rate is less than 30 breaths per minute, 0 points are added to the score, keeping the current total at 1.
The patient's systiolic blood pressure is 126 mm Hg. The patient's diastolic blood pressure is 72 mm Hg. For a point a point to be added, the systiolic blood pressure must be less than 90 mm Hg or the diastolic blood pressure must be less than or equal to 60 mm Hg. Because neither of these statements are true, 0 points are added to score, keeping the current total to 1.
The patient's CURB-65 score is 1."
161,"Our patient was a 47-year-old man who was diagnosed with tetralogy of Fallot 3 months after birth. He had a Waterston operation at 9 months of age and a Blalock–Taussig procedure at 1 year, 10 months of age. At age 10, the patient underwent surgery to ligate the ascending aorta–right pulmonary artery shunt path. He did not undergo intracardiac repair. The main pulmonary artery was completely occluded from the right ventricular outflow tract. The right-to-left shunted blood ejected from the left ventricle through the ventricular septal defect and merged with oxygenated blood via the shunt path from the left subclavian artery to the left pulmonary artery.
Renal function decreased when the patient was 38 years of age. Home oxygen therapy at night was initiated 1 year before the patient presented at our hospital; a β-blocker (carvedilol, 2.5 mg/day) was started 6 months before presentation. The patient did not experience breathing difficulty in his daily life (New York Heart Association Class II) and was able to work. A PD catheter was inserted in April 2015. Renal function gradually decreased and exacerbation of lower leg edema was observed, so PD was started. The patient’s height was 158 cm, his weight was 54 kg, his body temperature was 36.3 °C, his blood pressure was 136/69 mmHg, his pulse rate was 81 beats/min, and his oxygen saturation was 81% in room air.
Laboratory testing was performed on admission. Urinalysis dipstick examination indicated 4+ protein (8 g/g Cr) and was negative for blood. Arterial blood gas analysis showed a pH of 7.278, PaCO2 of 43 mmHg, PaO2 of 52 mmHg, bicarbonate of 19.7 mmol/L, and base excess of − 6.9 mmol/L. Chest X-ray showed a cardiothoracic ratio of 63%, indicating cardiac enlargement. Abdominal ultrasonography showed mild atrophy of the bilateral kidneys, increased cortical brightness, and cysts. Left ventricular findings of cardiac ultrasonography included a left ventricular end-diastolic diameter of 44 mm, left ventricular end-systolic diameter of 28 mm, left ventricular ejection fraction of 71%, septal thickness of 26 mm, and rear wall thickness of 11 mm. The valve findings were mild aortic regurgitation, trivial mitral regurgitation, moderate tricuspid regurgitation, and pulmonary artery closure. The main pulmonary artery was not visible from the right ventricular outflow tract. The ventricular septal defect was 19–22 mm in diameter; there was almost right-to-left shunting across the defect, with only a slight left-to-right shunt. After Waterston operation there was good flow through the shunt from the ascending aorta to the right pulmonary artery. After left Blalock–Taussig shunt operation there was decreased flow velocity from the left subclavian artery to the left pulmonary artery.
In July 2015, PD was started. Serum creatinine (Cr) at the start of PD was 5.5 mg/dl. The fast peritoneal equilibrium test (PET) result was low average. From November 2015 (4 months after the start of PD), B-type natriuretic peptide (BNP) gradually increased, water removal was 200–300 mL/day, and body weight increased. In March 2016 (8 months after starting PD), the PD fluid protocol was changed. In February 2017, the patient developed lower leg edema and his BNP increased to 1300 pg/mL, so treatment was changed to continuous cycling PD. With increased water removal, the edema resolved and BNP rapidly decreased. Changes associated with cyanosis included a hemoglobin level of 18–20 g/dL, indicating polycythemia; the patient also experienced headache. Phlebotomy treatment was performed four times. Because of concerns about iron deficiency resulting from phlebotomy, hemostasis therapy was discontinued, after which the patient’s headache improved (Fig. ).
The serum bicarbonate level at the start of PD in July 2015 was 20 mmol/L. This value increased to 25–30 mmol/L with the change in PD fluid protocol, and venous blood PCO2 increased with the start of PD (Fig. ).
The target SpO2 was adjusted to 70–85%; SpO2 was unchanged after PD. SpO2 decreased with the complication of heart failure, but improved with fluid management. Periodic echocardiography showed that PD initiation had little effect on hemodynamics.
There were no PD-related complications.","Using the Devine formula, what is the patient's ideal body weight? You should use the patient's medical values and health status when they were first admitted to the hospital prior to any treatment.",Ideal Body Weight,physical,decimal,55.07095,52.3174,57.8245,"{'sex': 'Male', 'height': [158.0, 'cm']}","For males, the ideal body weight (IBW) is calculated as follows: IBW = 50 kg + 2.3 kg * (height (in inches) - 60)
For females, the ideal body weight (IBW) is calculated as follows: 45.5 kg + 2.3 kg * (height (in inches) - 60)
The patient's gender is Male.
The patient's height is 158.0 cm, which is 158.0 cm * 0.393701 in/cm = 62.20476 in. 
Plugging in the values for the IBW formula for males gives us 50 kg + 2.3 kg * (62.20476 (in inches) - 60) = 55.07095 kg.
Hence, the patient's IBW is 55.07095 kg."
